2026-07-19 18:11:53,661 ERROR __main__ Unhandled page error in technician_page
Traceback (most recent call last):
  File "C:\Users\احمد\AppData\Local\Programs\Python\Python312\Lib\site-packages\streamlit\runtime\secrets.py", line 476, in __getitem__
    value = self._parse()[key]
            ~~~~~~~~~~~~~^^^^^
KeyError: 'SUPABASE_URL'

During handling of the above exception, another exception occurred:

Traceback (most recent call last):
  File "C:\Users\احمد\OneDrive\FieldApp2\database\storage.py", line 39, in _settings
    base_url = st.secrets["SUPABASE_URL"].rstrip("/")
               ~~~~~~~~~~^^^^^^^^^^^^^^^^
  File "C:\Users\احمد\AppData\Local\Programs\Python\Python312\Lib\site-packages\streamlit\runtime\secrets.py", line 481, in __getitem__
    raise KeyError(_missing_key_error_message(key))
KeyError: 'st.secrets has no key "SUPABASE_URL". Did you forget to add it to secrets.toml, mount it to secret directory, or the app settings on Streamlit Cloud? More info: https://docs.streamlit.io/deploy/streamlit-community-cloud/deploy-your-app/secrets-management'

The above exception was the direct cause of the following exception:

Traceback (most recent call last):
  File "C:\Users\احمد\OneDrive\FieldApp2\app.py", line 1557, in route
    handler()
  File "C:\Users\احمد\OneDrive\FieldApp2\app.py", line 319, in technician_page
    save_daily_report(
  File "C:\Users\احمد\OneDrive\FieldApp2\database\database.py", line 1248, in save_daily_report
    object_key = upload_report_image(technician, report_date, image_bytes, image_mime)
                 ^^^^^^^^^^^^^^^^^^^^^^^^^^^^^^^^^^^^^^^^^^^^^^^^^^^^^^^^^^^^^^^^^^^^^
  File "C:\Users\احمد\OneDrive\FieldApp2\database\storage.py", line 65, in upload_report_image
    base_url, service_key, bucket = _settings()
                                    ^^^^^^^^^^^
  File "C:\Users\احمد\OneDrive\FieldApp2\database\storage.py", line 43, in _settings
    raise StorageConfigurationError(
database.storage.StorageConfigurationError: Supabase Storage is not configured. Add SUPABASE_URL, SUPABASE_SERVICE_ROLE_KEY and SUPABASE_STORAGE_BUCKET to secrets.
2026-07-19 18:11:59,549 ERROR __main__ Unhandled page error in technician_page
Traceback (most recent call last):
  File "C:\Users\احمد\AppData\Local\Programs\Python\Python312\Lib\site-packages\streamlit\runtime\secrets.py", line 476, in __getitem__
    value = self._parse()[key]
            ~~~~~~~~~~~~~^^^^^
KeyError: 'SUPABASE_URL'

During handling of the above exception, another exception occurred:

Traceback (most recent call last):
  File "C:\Users\احمد\OneDrive\FieldApp2\database\storage.py", line 39, in _settings
    base_url = st.secrets["SUPABASE_URL"].rstrip("/")
               ~~~~~~~~~~^^^^^^^^^^^^^^^^
  File "C:\Users\احمد\AppData\Local\Programs\Python\Python312\Lib\site-packages\streamlit\runtime\secrets.py", line 481, in __getitem__
    raise KeyError(_missing_key_error_message(key))
KeyError: 'st.secrets has no key "SUPABASE_URL". Did you forget to add it to secrets.toml, mount it to secret directory, or the app settings on Streamlit Cloud? More info: https://docs.streamlit.io/deploy/streamlit-community-cloud/deploy-your-app/secrets-management'

The above exception was the direct cause of the following exception:

Traceback (most recent call last):
  File "C:\Users\احمد\OneDrive\FieldApp2\app.py", line 1557, in route
    handler()
  File "C:\Users\احمد\OneDrive\FieldApp2\app.py", line 319, in technician_page
    save_daily_report(
  File "C:\Users\احمد\OneDrive\FieldApp2\database\database.py", line 1248, in save_daily_report
    object_key = upload_report_image(technician, report_date, image_bytes, image_mime)
                 ^^^^^^^^^^^^^^^^^^^^^^^^^^^^^^^^^^^^^^^^^^^^^^^^^^^^^^^^^^^^^^^^^^^^^
  File "C:\Users\احمد\OneDrive\FieldApp2\database\storage.py", line 65, in upload_report_image
    base_url, service_key, bucket = _settings()
                                    ^^^^^^^^^^^
  File "C:\Users\احمد\OneDrive\FieldApp2\database\storage.py", line 43, in _settings
    raise StorageConfigurationError(
database.storage.StorageConfigurationError: Supabase Storage is not configured. Add SUPABASE_URL, SUPABASE_SERVICE_ROLE_KEY and SUPABASE_STORAGE_BUCKET to secrets.
2026-07-19 18:12:03,381 ERROR __main__ Unhandled page error in technician_page
Traceback (most recent call last):
  File "C:\Users\احمد\AppData\Local\Programs\Python\Python312\Lib\site-packages\streamlit\runtime\secrets.py", line 476, in __getitem__
    value = self._parse()[key]
            ~~~~~~~~~~~~~^^^^^
KeyError: 'SUPABASE_URL'

During handling of the above exception, another exception occurred:

Traceback (most recent call last):
  File "C:\Users\احمد\OneDrive\FieldApp2\database\storage.py", line 39, in _settings
    base_url = st.secrets["SUPABASE_URL"].rstrip("/")
               ~~~~~~~~~~^^^^^^^^^^^^^^^^
  File "C:\Users\احمد\AppData\Local\Programs\Python\Python312\Lib\site-packages\streamlit\runtime\secrets.py", line 481, in __getitem__
    raise KeyError(_missing_key_error_message(key))
KeyError: 'st.secrets has no key "SUPABASE_URL". Did you forget to add it to secrets.toml, mount it to secret directory, or the app settings on Streamlit Cloud? More info: https://docs.streamlit.io/deploy/streamlit-community-cloud/deploy-your-app/secrets-management'

The above exception was the direct cause of the following exception:

Traceback (most recent call last):
  File "C:\Users\احمد\OneDrive\FieldApp2\app.py", line 1557, in route
    handler()
  File "C:\Users\احمد\OneDrive\FieldApp2\app.py", line 319, in technician_page
    save_daily_report(
  File "C:\Users\احمد\OneDrive\FieldApp2\database\database.py", line 1248, in save_daily_report
    object_key = upload_report_image(technician, report_date, image_bytes, image_mime)
                 ^^^^^^^^^^^^^^^^^^^^^^^^^^^^^^^^^^^^^^^^^^^^^^^^^^^^^^^^^^^^^^^^^^^^^
  File "C:\Users\احمد\OneDrive\FieldApp2\database\storage.py", line 65, in upload_report_image
    base_url, service_key, bucket = _settings()
                                    ^^^^^^^^^^^
  File "C:\Users\احمد\OneDrive\FieldApp2\database\storage.py", line 43, in _settings
    raise StorageConfigurationError(
database.storage.StorageConfigurationError: Supabase Storage is not configured. Add SUPABASE_URL, SUPABASE_SERVICE_ROLE_KEY and SUPABASE_STORAGE_BUCKET to secrets.
2026-07-19 18:12:05,433 ERROR __main__ Unhandled page error in technician_page
Traceback (most recent call last):
  File "C:\Users\احمد\AppData\Local\Programs\Python\Python312\Lib\site-packages\streamlit\runtime\secrets.py", line 476, in __getitem__
    value = self._parse()[key]
            ~~~~~~~~~~~~~^^^^^
KeyError: 'SUPABASE_URL'

During handling of the above exception, another exception occurred:

Traceback (most recent call last):
  File "C:\Users\احمد\OneDrive\FieldApp2\database\storage.py", line 39, in _settings
    base_url = st.secrets["SUPABASE_URL"].rstrip("/")
               ~~~~~~~~~~^^^^^^^^^^^^^^^^
  File "C:\Users\احمد\AppData\Local\Programs\Python\Python312\Lib\site-packages\streamlit\runtime\secrets.py", line 481, in __getitem__
    raise KeyError(_missing_key_error_message(key))
KeyError: 'st.secrets has no key "SUPABASE_URL". Did you forget to add it to secrets.toml, mount it to secret directory, or the app settings on Streamlit Cloud? More info: https://docs.streamlit.io/deploy/streamlit-community-cloud/deploy-your-app/secrets-management'

The above exception was the direct cause of the following exception:

Traceback (most recent call last):
  File "C:\Users\احمد\OneDrive\FieldApp2\app.py", line 1557, in route
    handler()
  File "C:\Users\احمد\OneDrive\FieldApp2\app.py", line 319, in technician_page
    save_daily_report(
  File "C:\Users\احمد\OneDrive\FieldApp2\database\database.py", line 1248, in save_daily_report
    object_key = upload_report_image(technician, report_date, image_bytes, image_mime)
                 ^^^^^^^^^^^^^^^^^^^^^^^^^^^^^^^^^^^^^^^^^^^^^^^^^^^^^^^^^^^^^^^^^^^^^
  File "C:\Users\احمد\OneDrive\FieldApp2\database\storage.py", line 65, in upload_report_image
    base_url, service_key, bucket = _settings()
                                    ^^^^^^^^^^^
  File "C:\Users\احمد\OneDrive\FieldApp2\database\storage.py", line 43, in _settings
    raise StorageConfigurationError(
database.storage.StorageConfigurationError: Supabase Storage is not configured. Add SUPABASE_URL, SUPABASE_SERVICE_ROLE_KEY and SUPABASE_STORAGE_BUCKET to secrets.
2026-07-19 18:12:13,569 ERROR __main__ Unhandled page error in technician_page
Traceback (most recent call last):
  File "C:\Users\احمد\AppData\Local\Programs\Python\Python312\Lib\site-packages\streamlit\runtime\secrets.py", line 476, in __getitem__
    value = self._parse()[key]
            ~~~~~~~~~~~~~^^^^^
KeyError: 'SUPABASE_URL'

During handling of the above exception, another exception occurred:

Traceback (most recent call last):
  File "C:\Users\احمد\OneDrive\FieldApp2\database\storage.py", line 39, in _settings
    base_url = st.secrets["SUPABASE_URL"].rstrip("/")
               ~~~~~~~~~~^^^^^^^^^^^^^^^^
  File "C:\Users\احمد\AppData\Local\Programs\Python\Python312\Lib\site-packages\streamlit\runtime\secrets.py", line 481, in __getitem__
    raise KeyError(_missing_key_error_message(key))
KeyError: 'st.secrets has no key "SUPABASE_URL". Did you forget to add it to secrets.toml, mount it to secret directory, or the app settings on Streamlit Cloud? More info: https://docs.streamlit.io/deploy/streamlit-community-cloud/deploy-your-app/secrets-management'

The above exception was the direct cause of the following exception:

Traceback (most recent call last):
  File "C:\Users\احمد\OneDrive\FieldApp2\app.py", line 1557, in route
    handler()
  File "C:\Users\احمد\OneDrive\FieldApp2\app.py", line 319, in technician_page
    save_daily_report(
  File "C:\Users\احمد\OneDrive\FieldApp2\database\database.py", line 1248, in save_daily_report
    object_key = upload_report_image(technician, report_date, image_bytes, image_mime)
                 ^^^^^^^^^^^^^^^^^^^^^^^^^^^^^^^^^^^^^^^^^^^^^^^^^^^^^^^^^^^^^^^^^^^^^
  File "C:\Users\احمد\OneDrive\FieldApp2\database\storage.py", line 65, in upload_report_image
    base_url, service_key, bucket = _settings()
                                    ^^^^^^^^^^^
  File "C:\Users\احمد\OneDrive\FieldApp2\database\storage.py", line 43, in _settings
    raise StorageConfigurationError(
database.storage.StorageConfigurationError: Supabase Storage is not configured. Add SUPABASE_URL, SUPABASE_SERVICE_ROLE_KEY and SUPABASE_STORAGE_BUCKET to secrets.
2026-07-23 21:48:18,102 ERROR __main__ Unhandled page error in admin_page
Traceback (most recent call last):
  File "/home/omar_13610/FieldApp2/app.py", line 1732, in route
    handler()
    ~~~~~~~^^
  File "/home/omar_13610/FieldApp2/app.py", line 704, in admin_page
    top_nav()
    ~~~~~~~^^
  File "/home/omar_13610/FieldApp2/ui.py", line 309, in top_nav
    badge = get_badge_count()
  File "/home/omar_13610/FieldApp2/database/notifications.py", line 107, in get_badge_count
    if not user or not notifications_enabled(user):
                       ~~~~~~~~~~~~~~~~~~~~~^^^^^^
  File "/home/omar_13610/FieldApp2/database/notifications.py", line 43, in notifications_enabled
    return get_user_notification_setting(user)
  File "/home/omar_13610/FieldApp2/database/database.py", line 1713, in get_user_notification_setting
    row = fetch_one("SELECT notifications_enabled FROM users WHERE username = %s", ((username or "").strip(),))
  File "/home/omar_13610/FieldApp2/database/database.py", line 470, in fetch_one
    return _with_connection(_action)
  File "/home/omar_13610/FieldApp2/database/database.py", line 429, in _with_connection
    result = action(conn)
  File "/home/omar_13610/FieldApp2/database/database.py", line 463, in _action
    cur.execute(query, params)
    ~~~~~~~~~~~^^^^^^^^^^^^^^^
  File "/home/omar_13610/FieldApp2/.venv/lib/python3.14/site-packages/psycopg2/extras.py", line 236, in execute
    return super().execute(query, vars)
           ~~~~~~~~~~~~~~~^^^^^^^^^^^^^
psycopg2.errors.UndefinedColumn: column "notifications_enabled" does not exist
LINE 1: SELECT notifications_enabled FROM users WHERE username = 'ad...
               ^

2026-07-23 21:49:38,184 ERROR __main__ Unhandled page error in admin_page
Traceback (most recent call last):
  File "/home/omar_13610/FieldApp2/app.py", line 1732, in route
    handler()
    ~~~~~~~^^
  File "/home/omar_13610/FieldApp2/app.py", line 704, in admin_page
    top_nav()
    ~~~~~~~^^
  File "/home/omar_13610/FieldApp2/ui.py", line 309, in top_nav
    badge = get_badge_count()
  File "/home/omar_13610/FieldApp2/database/notifications.py", line 107, in get_badge_count
    if not user or not notifications_enabled(user):
                       ~~~~~~~~~~~~~~~~~~~~~^^^^^^
  File "/home/omar_13610/FieldApp2/database/notifications.py", line 43, in notifications_enabled
    return get_user_notification_setting(user)
  File "/home/omar_13610/FieldApp2/database/database.py", line 1713, in get_user_notification_setting
    row = fetch_one("SELECT notifications_enabled FROM users WHERE username = %s", ((username or "").strip(),))
  File "/home/omar_13610/FieldApp2/database/database.py", line 470, in fetch_one
    return _with_connection(_action)
  File "/home/omar_13610/FieldApp2/database/database.py", line 429, in _with_connection
    result = action(conn)
  File "/home/omar_13610/FieldApp2/database/database.py", line 463, in _action
    cur.execute(query, params)
    ~~~~~~~~~~~^^^^^^^^^^^^^^^
  File "/home/omar_13610/FieldApp2/.venv/lib/python3.14/site-packages/psycopg2/extras.py", line 236, in execute
    return super().execute(query, vars)
           ~~~~~~~~~~~~~~~^^^^^^^^^^^^^
psycopg2.errors.UndefinedColumn: column "notifications_enabled" does not exist
LINE 1: SELECT notifications_enabled FROM users WHERE username = 'ad...
               ^

2026-07-23 21:51:17,153 ERROR __main__ Unhandled page error in developer_center_page
Traceback (most recent call last):
  File "/home/omar_13610/FieldApp2/app.py", line 1732, in route
    handler()
    ~~~~~~~^^
  File "/home/omar_13610/FieldApp2/app.py", line 1407, in developer_center_page
    top_nav()
    ~~~~~~~^^
  File "/home/omar_13610/FieldApp2/ui.py", line 309, in top_nav
    badge = get_badge_count()
  File "/home/omar_13610/FieldApp2/database/notifications.py", line 107, in get_badge_count
    if not user or not notifications_enabled(user):
                       ~~~~~~~~~~~~~~~~~~~~~^^^^^^
  File "/home/omar_13610/FieldApp2/database/notifications.py", line 43, in notifications_enabled
    return get_user_notification_setting(user)
  File "/home/omar_13610/FieldApp2/database/database.py", line 1713, in get_user_notification_setting
    row = fetch_one("SELECT notifications_enabled FROM users WHERE username = %s", ((username or "").strip(),))
  File "/home/omar_13610/FieldApp2/database/database.py", line 470, in fetch_one
    return _with_connection(_action)
  File "/home/omar_13610/FieldApp2/database/database.py", line 427, in _with_connection
    conn = get_connection()
  File "/home/omar_13610/FieldApp2/database/database.py", line 386, in get_connection
    return _connection_pool().getconn()
           ~~~~~~~~~~~~~~~~~~~~~~~~~~^^
  File "/home/omar_13610/FieldApp2/.venv/lib/python3.14/site-packages/psycopg2/pool.py", line 169, in getconn
    return self._getconn(key)
           ~~~~~~~~~~~~~^^^^^
  File "/home/omar_13610/FieldApp2/.venv/lib/python3.14/site-packages/psycopg2/pool.py", line 93, in _getconn
    return self._connect(key)
           ~~~~~~~~~~~~~^^^^^
  File "/home/omar_13610/FieldApp2/.venv/lib/python3.14/site-packages/psycopg2/pool.py", line 63, in _connect
    conn = psycopg2.connect(*self._args, **self._kwargs)
  File "/home/omar_13610/FieldApp2/.venv/lib/python3.14/site-packages/psycopg2/__init__.py", line 122, in connect
    conn = _connect(dsn, connection_factory=connection_factory, **kwasync)
psycopg2.OperationalError: connection to server at "aws-1-ap-southeast-1.pooler.supabase.com" (64:ff9b::dd5:f1f8), port 6543 failed: server closed the connection unexpectedly
	This probably means the server terminated abnormally
	before or while processing the request.

2026-07-23 22:02:34,020 ERROR __main__ Unhandled page error in admin_page
Traceback (most recent call last):
  File "/home/omar_13610/FieldApp2/pages/application.py", line 1505, in route
    handler()
    ~~~~~~~^^
  File "/home/omar_13610/FieldApp2/pages/application.py", line 727, in admin_page
    with pd.ExcelWriter(output, engine="openpyxl") as writer:
         ~~~~~~~~~~~~~~^^^^^^^^^^^^^^^^^^^^^^^^^^^
  File "/home/omar_13610/FieldApp2/.venv/lib/python3.14/site-packages/pandas/io/excel/_openpyxl.py", line 58, in __init__
    from openpyxl.workbook import Workbook
ModuleNotFoundError: No module named 'openpyxl'
2026-07-23 22:02:34,020 ERROR __main__ Unhandled page error in admin_page
Traceback (most recent call last):
  File "/home/omar_13610/FieldApp2/pages/application.py", line 1505, in route
    handler()
    ~~~~~~~^^
  File "/home/omar_13610/FieldApp2/pages/application.py", line 727, in admin_page
    with pd.ExcelWriter(output, engine="openpyxl") as writer:
         ~~~~~~~~~~~~~~^^^^^^^^^^^^^^^^^^^^^^^^^^^
  File "/home/omar_13610/FieldApp2/.venv/lib/python3.14/site-packages/pandas/io/excel/_openpyxl.py", line 58, in __init__
    from openpyxl.workbook import Workbook
ModuleNotFoundError: No module named 'openpyxl'
2026-07-23 22:03:04,339 ERROR __main__ Unhandled page error in admin_page
Traceback (most recent call last):
  File "/home/omar_13610/FieldApp2/pages/application.py", line 1505, in route
    handler()
    ~~~~~~~^^
  File "/home/omar_13610/FieldApp2/pages/application.py", line 727, in admin_page
    with pd.ExcelWriter(output, engine="openpyxl") as writer:
         ~~~~~~~~~~~~~~^^^^^^^^^^^^^^^^^^^^^^^^^^^
  File "/home/omar_13610/FieldApp2/.venv/lib/python3.14/site-packages/pandas/io/excel/_openpyxl.py", line 58, in __init__
    from openpyxl.workbook import Workbook
ModuleNotFoundError: No module named 'openpyxl'
2026-07-23 22:03:04,339 ERROR __main__ Unhandled page error in admin_page
Traceback (most recent call last):
  File "/home/omar_13610/FieldApp2/pages/application.py", line 1505, in route
    handler()
    ~~~~~~~^^
  File "/home/omar_13610/FieldApp2/pages/application.py", line 727, in admin_page
    with pd.ExcelWriter(output, engine="openpyxl") as writer:
         ~~~~~~~~~~~~~~^^^^^^^^^^^^^^^^^^^^^^^^^^^
  File "/home/omar_13610/FieldApp2/.venv/lib/python3.14/site-packages/pandas/io/excel/_openpyxl.py", line 58, in __init__
    from openpyxl.workbook import Workbook
ModuleNotFoundError: No module named 'openpyxl'
2026-07-23 22:30:23,464 ERROR __main__ Unhandled page error in developer_center_page
Traceback (most recent call last):
  File "/home/omar_13610/FieldApp2/pages/application.py", line 1505, in route
    handler()
    ~~~~~~~^^
  File "/home/omar_13610/FieldApp2/pages/application.py", line 1303, in developer_center_page
    _export_results_button(filtered.to_dict("records"), "سجل_العمليات.xlsx", "audit_log_export")
    ~~~~~~~~~~~~~~~~~~~~~~^^^^^^^^^^^^^^^^^^^^^^^^^^^^^^^^^^^^^^^^^^^^^^^^^^^^^^^^^^^^^^^^^^^^^^
  File "/home/omar_13610/FieldApp2/pages/application.py", line 461, in _export_results_button
    with pd.ExcelWriter(output, engine="openpyxl") as writer:
         ~~~~~~~~~~~~~~^^^^^^^^^^^^^^^^^^^^^^^^^^^
  File "/home/omar_13610/FieldApp2/.venv/lib/python3.14/site-packages/pandas/io/excel/_openpyxl.py", line 58, in __init__
    from openpyxl.workbook import Workbook
ModuleNotFoundError: No module named 'openpyxl'
2026-07-23 22:30:23,464 ERROR __main__ Unhandled page error in developer_center_page
Traceback (most recent call last):
  File "/home/omar_13610/FieldApp2/pages/application.py", line 1505, in route
    handler()
    ~~~~~~~^^
  File "/home/omar_13610/FieldApp2/pages/application.py", line 1303, in developer_center_page
    _export_results_button(filtered.to_dict("records"), "سجل_العمليات.xlsx", "audit_log_export")
    ~~~~~~~~~~~~~~~~~~~~~~^^^^^^^^^^^^^^^^^^^^^^^^^^^^^^^^^^^^^^^^^^^^^^^^^^^^^^^^^^^^^^^^^^^^^^
  File "/home/omar_13610/FieldApp2/pages/application.py", line 461, in _export_results_button
    with pd.ExcelWriter(output, engine="openpyxl") as writer:
         ~~~~~~~~~~~~~~^^^^^^^^^^^^^^^^^^^^^^^^^^^
  File "/home/omar_13610/FieldApp2/.venv/lib/python3.14/site-packages/pandas/io/excel/_openpyxl.py", line 58, in __init__
    from openpyxl.workbook import Workbook
ModuleNotFoundError: No module named 'openpyxl'
2026-07-23 22:33:13,531 ERROR __main__ Unhandled page error in developer_center_page
Traceback (most recent call last):
  File "/home/omar_13610/FieldApp2/pages/application.py", line 1505, in route
    handler()
    ~~~~~~~^^
  File "/home/omar_13610/FieldApp2/pages/application.py", line 1303, in developer_center_page
    _export_results_button(filtered.to_dict("records"), "سجل_العمليات.xlsx", "audit_log_export")
    ~~~~~~~~~~~~~~~~~~~~~~^^^^^^^^^^^^^^^^^^^^^^^^^^^^^^^^^^^^^^^^^^^^^^^^^^^^^^^^^^^^^^^^^^^^^^
  File "/home/omar_13610/FieldApp2/pages/application.py", line 461, in _export_results_button
    with pd.ExcelWriter(output, engine="openpyxl") as writer:
         ~~~~~~~~~~~~~~^^^^^^^^^^^^^^^^^^^^^^^^^^^
  File "/home/omar_13610/FieldApp2/.venv/lib/python3.14/site-packages/pandas/io/excel/_openpyxl.py", line 58, in __init__
    from openpyxl.workbook import Workbook
ModuleNotFoundError: No module named 'openpyxl'
2026-07-23 22:33:13,531 ERROR __main__ Unhandled page error in developer_center_page
Traceback (most recent call last):
  File "/home/omar_13610/FieldApp2/pages/application.py", line 1505, in route
    handler()
    ~~~~~~~^^
  File "/home/omar_13610/FieldApp2/pages/application.py", line 1303, in developer_center_page
    _export_results_button(filtered.to_dict("records"), "سجل_العمليات.xlsx", "audit_log_export")
    ~~~~~~~~~~~~~~~~~~~~~~^^^^^^^^^^^^^^^^^^^^^^^^^^^^^^^^^^^^^^^^^^^^^^^^^^^^^^^^^^^^^^^^^^^^^^
  File "/home/omar_13610/FieldApp2/pages/application.py", line 461, in _export_results_button
    with pd.ExcelWriter(output, engine="openpyxl") as writer:
         ~~~~~~~~~~~~~~^^^^^^^^^^^^^^^^^^^^^^^^^^^
  File "/home/omar_13610/FieldApp2/.venv/lib/python3.14/site-packages/pandas/io/excel/_openpyxl.py", line 58, in __init__
    from openpyxl.workbook import Workbook
ModuleNotFoundError: No module named 'openpyxl'
2026-07-31 01:11:26,857 WARNING database.database bulk_add_tasks: فشل إدراج صف (رقم المهمة=42675183): 0
2026-07-31 01:11:28,241 WARNING database.database bulk_add_tasks: فشل إدراج صف (رقم المهمة=42675184): 0
2026-07-31 01:11:29,125 WARNING database.database bulk_add_tasks: فشل إدراج صف (رقم المهمة=42675185): 0
2026-07-31 01:11:29,944 WARNING database.database bulk_add_tasks: فشل إدراج صف (رقم المهمة=42675187): 0
2026-07-31 01:11:30,970 WARNING database.database bulk_add_tasks: فشل إدراج صف (رقم المهمة=42675189): 0
2026-07-31 01:11:32,095 WARNING database.database bulk_add_tasks: فشل إدراج صف (رقم المهمة=42675179): 0
2026-07-31 01:11:32,912 WARNING database.database bulk_add_tasks: فشل إدراج صف (رقم المهمة=42665241): 0
2026-07-31 01:11:33,731 WARNING database.database bulk_add_tasks: فشل إدراج صف (رقم المهمة=42675180): 0
2026-07-31 01:11:34,655 WARNING database.database bulk_add_tasks: فشل إدراج صف (رقم المهمة=42675181): 0
2026-07-31 01:11:35,482 WARNING database.database bulk_add_tasks: فشل إدراج صف (رقم المهمة=42675182): 0
2026-07-31 01:11:36,298 WARNING database.database bulk_add_tasks: فشل إدراج صف (رقم المهمة=42675131): 0
2026-07-31 01:11:37,118 WARNING database.database bulk_add_tasks: فشل إدراج صف (رقم المهمة=42675132): 0
2026-07-31 01:11:37,932 WARNING database.database bulk_add_tasks: فشل إدراج صف (رقم المهمة=42675133): 0
2026-07-31 01:11:38,747 WARNING database.database bulk_add_tasks: فشل إدراج صف (رقم المهمة=42675134): 0
2026-07-31 01:11:39,774 WARNING database.database bulk_add_tasks: فشل إدراج صف (رقم المهمة=42675135): 0
2026-07-31 01:11:40,497 WARNING database.database bulk_add_tasks: فشل إدراج صف (رقم المهمة=42675336): 0
2026-07-31 01:11:41,150 WARNING database.database bulk_add_tasks: فشل إدراج صف (رقم المهمة=42675119): 0
2026-07-31 01:11:41,806 WARNING database.database bulk_add_tasks: فشل إدراج صف (رقم المهمة=42675125): 0
2026-07-31 01:11:42,641 WARNING database.database bulk_add_tasks: فشل إدراج صف (رقم المهمة=42675337): 0
2026-07-31 01:11:43,510 WARNING database.database bulk_add_tasks: فشل إدراج صف (رقم المهمة=42675338): 0
2026-07-31 01:11:44,122 WARNING database.database bulk_add_tasks: فشل إدراج صف (رقم المهمة=42675340): 0
2026-07-31 01:11:44,758 WARNING database.database bulk_add_tasks: فشل إدراج صف (رقم المهمة=42700995): 0
2026-07-31 01:11:45,464 WARNING database.database bulk_add_tasks: فشل إدراج صف (رقم المهمة=42700998): 0
2026-07-31 01:11:46,097 WARNING database.database bulk_add_tasks: فشل إدراج صف (رقم المهمة=42701003): 0
2026-07-31 01:11:46,938 WARNING database.database bulk_add_tasks: فشل إدراج صف (رقم المهمة=42701002): 0
2026-07-31 01:11:47,896 WARNING database.database bulk_add_tasks: فشل إدراج صف (رقم المهمة=42700999): 0
2026-07-31 01:11:48,654 WARNING database.database bulk_add_tasks: فشل إدراج صف (رقم المهمة=42675391): 0
2026-07-31 01:11:49,388 WARNING database.database bulk_add_tasks: فشل إدراج صف (رقم المهمة=42675392): 0
2026-07-31 01:11:50,086 WARNING database.database bulk_add_tasks: فشل إدراج صف (رقم المهمة=42675393): 0
2026-07-31 01:11:50,896 WARNING database.database bulk_add_tasks: فشل إدراج صف (رقم المهمة=42675394): 0
2026-07-31 01:11:51,735 WARNING database.database bulk_add_tasks: فشل إدراج صف (رقم المهمة=42665533): 0
2026-07-31 01:11:52,484 WARNING database.database bulk_add_tasks: فشل إدراج صف (رقم المهمة=42665672): 0
2026-07-31 01:11:53,416 WARNING database.database bulk_add_tasks: فشل إدراج صف (رقم المهمة=42675387): 0
2026-07-31 01:11:54,309 WARNING database.database bulk_add_tasks: فشل إدراج صف (رقم المهمة=42675388): 0
2026-07-31 01:11:55,215 WARNING database.database bulk_add_tasks: فشل إدراج صف (رقم المهمة=42675389): 0
2026-07-31 01:11:56,087 WARNING database.database bulk_add_tasks: فشل إدراج صف (رقم المهمة=42675390): 0
2026-07-31 01:11:56,821 WARNING database.database bulk_add_tasks: فشل إدراج صف (رقم المهمة=42675331): 0
2026-07-31 01:11:57,702 WARNING database.database bulk_add_tasks: فشل إدراج صف (رقم المهمة=42675330): 0
2026-07-31 01:11:58,499 WARNING database.database bulk_add_tasks: فشل إدراج صف (رقم المهمة=42675332): 0
2026-07-31 01:11:59,226 WARNING database.database bulk_add_tasks: فشل إدراج صف (رقم المهمة=42675333): 0
2026-07-31 01:11:59,942 WARNING database.database bulk_add_tasks: فشل إدراج صف (رقم المهمة=42676747): 0
2026-07-31 01:12:00,660 WARNING database.database bulk_add_tasks: فشل إدراج صف (رقم المهمة=42676749): 0
2026-07-31 01:12:01,501 WARNING database.database bulk_add_tasks: فشل إدراج صف (رقم المهمة=42676748): 0
2026-07-31 01:12:02,457 WARNING database.database bulk_add_tasks: فشل إدراج صف (رقم المهمة=42676750): 0
2026-07-31 01:12:03,537 WARNING database.database bulk_add_tasks: فشل إدراج صف (رقم المهمة=42676751): 0
2026-07-31 01:12:04,497 WARNING database.database bulk_add_tasks: فشل إدراج صف (رقم المهمة=42676740): 0
2026-07-31 01:12:05,379 WARNING database.database bulk_add_tasks: فشل إدراج صف (رقم المهمة=42676741): 0
2026-07-31 01:12:06,302 WARNING database.database bulk_add_tasks: فشل إدراج صف (رقم المهمة=42676742): 0
2026-07-31 01:12:06,990 WARNING database.database bulk_add_tasks: فشل إدراج صف (رقم المهمة=42676349): 0
2026-07-31 01:12:07,788 WARNING database.database bulk_add_tasks: فشل إدراج صف (رقم المهمة=42676744): 0
2026-07-31 01:12:08,502 WARNING database.database bulk_add_tasks: فشل إدراج صف (رقم المهمة=42720594): 0
2026-07-31 01:12:09,360 WARNING database.database bulk_add_tasks: فشل إدراج صف (رقم المهمة=42720609): 0
2026-07-31 01:12:10,181 WARNING database.database bulk_add_tasks: فشل إدراج صف (رقم المهمة=42720612): 0
2026-07-31 01:12:11,388 WARNING database.database bulk_add_tasks: فشل إدراج صف (رقم المهمة=42720627): 0
2026-07-31 01:12:12,154 WARNING database.database bulk_add_tasks: فشل إدراج صف (رقم المهمة=42720644): 0
2026-07-31 01:12:12,944 WARNING database.database bulk_add_tasks: فشل إدراج صف (رقم المهمة=42675103): 0
2026-07-31 01:12:13,783 WARNING database.database bulk_add_tasks: فشل إدراج صف (رقم المهمة=42675104): 0
2026-07-31 01:12:14,739 WARNING database.database bulk_add_tasks: فشل إدراج صف (رقم المهمة=42675106): 0
2026-07-31 01:12:15,701 WARNING database.database bulk_add_tasks: فشل إدراج صف (رقم المهمة=42675105): 0
2026-07-31 01:12:16,714 WARNING database.database bulk_add_tasks: فشل إدراج صف (رقم المهمة=42675107): 0
2026-07-31 01:12:18,032 WARNING database.database bulk_add_tasks: فشل إدراج صف (رقم المهمة=42675108): 0
2026-07-31 01:12:18,984 WARNING database.database bulk_add_tasks: فشل إدراج صف (رقم المهمة=42675109): 0
2026-07-31 01:12:19,875 WARNING database.database bulk_add_tasks: فشل إدراج صف (رقم المهمة=42675110): 0
2026-07-31 01:12:20,677 WARNING database.database bulk_add_tasks: فشل إدراج صف (رقم المهمة=42675111): 0
2026-07-31 01:12:21,622 WARNING database.database bulk_add_tasks: فشل إدراج صف (رقم المهمة=42675112): 0
2026-07-31 01:12:22,478 WARNING database.database bulk_add_tasks: فشل إدراج صف (رقم المهمة=42675088): 0
2026-07-31 01:12:23,421 WARNING database.database bulk_add_tasks: فشل إدراج صف (رقم المهمة=42675089): 0
2026-07-31 01:12:24,140 WARNING database.database bulk_add_tasks: فشل إدراج صف (رقم المهمة=42675087): 0
2026-07-31 01:12:24,980 WARNING database.database bulk_add_tasks: فشل إدراج صف (رقم المهمة=42675086): 0
2026-07-31 01:12:25,944 WARNING database.database bulk_add_tasks: فشل إدراج صف (رقم المهمة=42675085): 0
2026-07-31 01:12:26,763 WARNING database.database bulk_add_tasks: فشل إدراج صف (رقم المهمة=42675051): 0
2026-07-31 01:12:27,768 WARNING database.database bulk_add_tasks: فشل إدراج صف (رقم المهمة=42675052): 0
2026-07-31 01:12:28,710 WARNING database.database bulk_add_tasks: فشل إدراج صف (رقم المهمة=42675055): 0
2026-07-31 01:12:29,631 WARNING database.database bulk_add_tasks: فشل إدراج صف (رقم المهمة=42675053): 0
2026-07-31 01:12:30,655 WARNING database.database bulk_add_tasks: فشل إدراج صف (رقم المهمة=42675056): 0
2026-07-31 01:12:31,780 WARNING database.database bulk_add_tasks: فشل إدراج صف (رقم المهمة=42675057): 0
2026-07-31 01:12:32,597 WARNING database.database bulk_add_tasks: فشل إدراج صف (رقم المهمة=42676746): 0
2026-07-31 01:12:33,517 WARNING database.database bulk_add_tasks: فشل إدراج صف (رقم المهمة=42676745): 0
2026-07-31 01:12:34,337 WARNING database.database bulk_add_tasks: فشل إدراج صف (رقم المهمة=42676530): 0
2026-07-31 01:12:35,444 WARNING database.database bulk_add_tasks: فشل إدراج صف (رقم المهمة=42676762): 0
2026-07-31 01:12:36,591 WARNING database.database bulk_add_tasks: فشل إدراج صف (رقم المهمة=42676760): 0
2026-07-31 01:12:38,022 WARNING database.database bulk_add_tasks: فشل إدراج صف (رقم المهمة=42720993): 0
2026-07-31 01:12:39,044 WARNING database.database bulk_add_tasks: فشل إدراج صف (رقم المهمة=42721038): 0
2026-07-31 01:12:40,067 WARNING database.database bulk_add_tasks: فشل إدراج صف (رقم المهمة=42720879): 0
2026-07-31 01:12:41,091 WARNING database.database bulk_add_tasks: فشل إدراج صف (رقم المهمة=42720915): 0
2026-07-31 01:12:42,015 WARNING database.database bulk_add_tasks: فشل إدراج صف (رقم المهمة=42720953): 0
2026-07-31 01:12:43,186 WARNING database.database bulk_add_tasks: فشل إدراج صف (رقم المهمة=42665508): 0
2026-07-31 01:12:43,879 WARNING database.database bulk_add_tasks: فشل إدراج صف (رقم المهمة=42337978): 0
2026-07-31 01:12:45,302 WARNING database.database bulk_add_tasks: فشل إدراج صف (رقم المهمة=42643706): 0
2026-07-31 01:12:46,063 WARNING database.database bulk_add_tasks: فشل إدراج صف (رقم المهمة=42665214): 0
2026-07-31 01:12:47,140 WARNING database.database bulk_add_tasks: فشل إدراج صف (رقم المهمة=42665264): 0
2026-07-31 01:12:48,219 WARNING database.database bulk_add_tasks: فشل إدراج صف (رقم المهمة=42665364): 0
2026-07-31 01:12:49,195 WARNING database.database bulk_add_tasks: فشل إدراج صف (رقم المهمة=42665479): 0
2026-07-31 01:12:50,140 WARNING database.database bulk_add_tasks: فشل إدراج صف (رقم المهمة=42665535): 0
2026-07-31 01:12:50,980 WARNING database.database bulk_add_tasks: فشل إدراج صف (رقم المهمة=42665544): 0
2026-07-31 01:12:52,183 WARNING database.database bulk_add_tasks: فشل إدراج صف (رقم المهمة=42665670): 0
2026-07-31 01:12:53,276 WARNING database.database bulk_add_tasks: فشل إدراج صف (رقم المهمة=42665702): 0
2026-07-31 01:12:54,216 WARNING database.database bulk_add_tasks: فشل إدراج صف (رقم المهمة=42515117): 0
2026-07-31 01:12:55,181 WARNING database.database bulk_add_tasks: فشل إدراج صف (رقم المهمة=42648403): 0
2026-07-31 01:12:56,141 WARNING database.database bulk_add_tasks: فشل إدراج صف (رقم المهمة=42648399): 0
2026-07-31 01:12:56,971 WARNING database.database bulk_add_tasks: فشل إدراج صف (رقم المهمة=42648405): 0
2026-07-31 01:12:57,913 WARNING database.database bulk_add_tasks: فشل إدراج صف (رقم المهمة=42648409): 0
2026-07-31 01:13:04,227 WARNING database.database bulk_add_tasks: فشل إدراج صف (رقم المهمة=42661325): 0
2026-07-31 01:13:04,953 WARNING database.database bulk_add_tasks: فشل إدراج صف (رقم المهمة=42597862): 0
2026-07-31 01:13:05,761 WARNING database.database bulk_add_tasks: فشل إدراج صف (رقم المهمة=42653966): 0
2026-07-31 01:13:06,579 WARNING database.database bulk_add_tasks: فشل إدراج صف (رقم المهمة=42677252): 0
2026-07-31 01:13:07,535 WARNING database.database bulk_add_tasks: فشل إدراج صف (رقم المهمة=42677253): 0
2026-07-31 01:13:08,500 WARNING database.database bulk_add_tasks: فشل إدراج صف (رقم المهمة=42677254): 0
2026-07-31 01:13:09,342 WARNING database.database bulk_add_tasks: فشل إدراج صف (رقم المهمة=42677255): 0
2026-07-31 01:13:10,178 WARNING database.database bulk_add_tasks: فشل إدراج صف (رقم المهمة=42694764): 0
2026-07-31 01:13:11,137 WARNING database.database bulk_add_tasks: فشل إدراج صف (رقم المهمة=42722515): 0
2026-07-31 01:13:12,220 WARNING database.database bulk_add_tasks: فشل إدراج صف (رقم المهمة=42722582): 0
2026-07-31 01:13:13,178 WARNING database.database bulk_add_tasks: فشل إدراج صف (رقم المهمة=42722459): 0
2026-07-31 01:13:14,256 WARNING database.database bulk_add_tasks: فشل إدراج صف (رقم المهمة=42722413): 0
2026-07-31 01:13:15,333 WARNING database.database bulk_add_tasks: فشل إدراج صف (رقم المهمة=42675344): 0
2026-07-31 01:13:16,198 WARNING database.database bulk_add_tasks: فشل إدراج صف (رقم المهمة=42675345): 0
2026-07-31 01:13:16,985 WARNING database.database bulk_add_tasks: فشل إدراج صف (رقم المهمة=42675346): 0
2026-07-31 01:13:17,903 WARNING database.database bulk_add_tasks: فشل إدراج صف (رقم المهمة=42675347): 0
2026-07-31 01:13:18,978 WARNING database.database bulk_add_tasks: فشل إدراج صف (رقم المهمة=42675348): 0
2026-07-31 01:13:21,427 WARNING database.database bulk_add_tasks: فشل إدراج صف (رقم المهمة=42675349): 0
2026-07-31 01:13:22,455 WARNING database.database bulk_add_tasks: فشل إدراج صف (رقم المهمة=42675350): 0
2026-07-31 01:13:23,298 WARNING database.database bulk_add_tasks: فشل إدراج صف (رقم المهمة=42675351): 0
2026-07-31 01:13:24,258 WARNING database.database bulk_add_tasks: فشل إدراج صف (رقم المهمة=42675352): 0
2026-07-31 01:13:25,098 WARNING database.database bulk_add_tasks: فشل إدراج صف (رقم المهمة=42676797): 0
2026-07-31 01:13:26,129 WARNING database.database bulk_add_tasks: فشل إدراج صف (رقم المهمة=72676794): 0
2026-07-31 01:13:27,357 WARNING database.database bulk_add_tasks: فشل إدراج صف (رقم المهمة=42676795): 0
2026-07-31 01:13:28,386 WARNING database.database bulk_add_tasks: فشل إدراج صف (رقم المهمة=42676793): 0
2026-07-31 01:13:29,200 WARNING database.database bulk_add_tasks: فشل إدراج صف (رقم المهمة=42676798): 0
2026-07-31 01:13:30,326 WARNING database.database bulk_add_tasks: فشل إدراج صف (رقم المهمة=42676799): 0
2026-07-31 01:13:31,966 WARNING database.database bulk_add_tasks: فشل إدراج صف (رقم المهمة=42676792): 0
2026-07-31 01:13:33,707 WARNING database.database bulk_add_tasks: فشل إدراج صف (رقم المهمة=42676791): 0
2026-07-31 01:13:34,832 WARNING database.database bulk_add_tasks: فشل إدراج صف (رقم المهمة=42676790): 0
2026-07-31 01:13:37,321 WARNING database.database bulk_add_tasks: فشل إدراج صف (رقم المهمة=42676789): 0
2026-07-31 01:13:38,106 WARNING database.database bulk_add_tasks: فشل إدراج صف (رقم المهمة=42677120): 0
2026-07-31 01:13:39,027 WARNING database.database bulk_add_tasks: فشل إدراج صف (رقم المهمة=42655822): 0
2026-07-31 01:13:40,768 WARNING database.database bulk_add_tasks: فشل إدراج صف (رقم المهمة=42676755): 0
2026-07-31 01:13:41,369 WARNING database.database bulk_add_tasks: فشل إدراج صف (رقم المهمة=42676756): 0
2026-07-31 01:13:41,978 WARNING database.database bulk_add_tasks: فشل إدراج صف (رقم المهمة=42676757): 0
2026-07-31 01:13:42,580 WARNING database.database bulk_add_tasks: فشل إدراج صف (رقم المهمة=42676758): 0
2026-07-31 01:13:43,178 WARNING database.database bulk_add_tasks: فشل إدراج صف (رقم المهمة=42676694): 0
2026-07-31 01:13:43,789 WARNING database.database bulk_add_tasks: فشل إدراج صف (رقم المهمة=42676695): 0
2026-07-31 01:13:44,557 WARNING database.database bulk_add_tasks: فشل إدراج صف (رقم المهمة=42676690): 0
2026-07-31 01:13:45,366 WARNING database.database bulk_add_tasks: فشل إدراج صف (رقم المهمة=42676692): 0
2026-07-31 01:13:46,283 WARNING database.database bulk_add_tasks: فشل إدراج صف (رقم المهمة=42676693): 0
2026-07-31 01:13:47,359 WARNING database.database bulk_add_tasks: فشل إدراج صف (رقم المهمة=42676715): 0
2026-07-31 01:13:48,199 WARNING database.database bulk_add_tasks: فشل إدراج صف (رقم المهمة=42676716): 0
2026-07-31 01:13:49,164 WARNING database.database bulk_add_tasks: فشل إدراج صف (رقم المهمة=42676714): 0
2026-07-31 01:13:50,118 WARNING database.database bulk_add_tasks: فشل إدراج صف (رقم المهمة=42676713): 0
2026-07-31 01:13:50,870 WARNING database.database bulk_add_tasks: فشل إدراج صف (رقم المهمة=42675354): 0
2026-07-31 01:13:51,711 WARNING database.database bulk_add_tasks: فشل إدراج صف (رقم المهمة=42675355): 0
2026-07-31 01:13:52,523 WARNING database.database bulk_add_tasks: فشل إدراج صف (رقم المهمة=42675356): 0
2026-07-31 01:13:53,359 WARNING database.database bulk_add_tasks: فشل إدراج صف (رقم المهمة=42675357): 0
2026-07-31 01:13:54,104 WARNING database.database bulk_add_tasks: فشل إدراج صف (رقم المهمة=42675362): 0
2026-07-31 01:13:54,922 WARNING database.database bulk_add_tasks: فشل إدراج صف (رقم المهمة=42675364): 0
2026-07-31 01:13:55,644 WARNING database.database bulk_add_tasks: فشل إدراج صف (رقم المهمة=42675363): 0
2026-07-31 01:13:56,769 WARNING database.database bulk_add_tasks: فشل إدراج صف (رقم المهمة=42675361): 0
2026-07-31 01:13:57,728 WARNING database.database bulk_add_tasks: فشل إدراج صف (رقم المهمة=42675360): 0
2026-07-31 01:13:58,686 WARNING database.database bulk_add_tasks: فشل إدراج صف (رقم المهمة=42675358): 0
2026-07-31 01:13:59,527 WARNING database.database bulk_add_tasks: فشل إدراج صف (رقم المهمة=42675324): 0
2026-07-31 01:14:00,416 WARNING database.database bulk_add_tasks: فشل إدراج صف (رقم المهمة=42675325): 0
2026-07-31 01:14:01,207 WARNING database.database bulk_add_tasks: فشل إدراج صف (رقم المهمة=42675329): 0
2026-07-31 01:14:01,959 WARNING database.database bulk_add_tasks: فشل إدراج صف (رقم المهمة=42675327): 0
2026-07-31 01:14:02,887 WARNING database.database bulk_add_tasks: فشل إدراج صف (رقم المهمة=42675326): 0
2026-07-31 01:14:03,655 WARNING database.database bulk_add_tasks: فشل إدراج صف (رقم المهمة=42680144): 0
2026-07-31 01:14:04,452 WARNING database.database bulk_add_tasks: فشل إدراج صف (رقم المهمة=42665239): 0
2026-07-31 01:14:05,171 WARNING database.database bulk_add_tasks: فشل إدراج صف (رقم المهمة=42665206): 0
2026-07-31 01:14:06,644 WARNING database.database bulk_add_tasks: فشل إدراج صف (رقم المهمة=42666742): 0
2026-07-31 01:14:07,841 WARNING database.database bulk_add_tasks: فشل إدراج صف (رقم المهمة=42665233): 0
2026-07-31 01:14:08,939 WARNING database.database bulk_add_tasks: فشل إدراج صف (رقم المهمة=42665294): 0
2026-07-31 01:14:09,881 WARNING database.database bulk_add_tasks: فشل إدراج صف (رقم المهمة=42693243): 0
2026-07-31 01:14:10,840 WARNING database.database bulk_add_tasks: فشل إدراج صف (رقم المهمة=42665773): 0
2026-07-31 01:14:11,714 WARNING database.database bulk_add_tasks: فشل إدراج صف (رقم المهمة=42665782): 0
2026-07-31 01:14:12,640 WARNING database.database bulk_add_tasks: فشل إدراج صف (رقم المهمة=42700984): 0
2026-07-31 01:14:13,293 WARNING database.database bulk_add_tasks: فشل إدراج صف (رقم المهمة=42700988): 0
2026-07-31 01:14:14,116 WARNING database.database bulk_add_tasks: فشل إدراج صف (رقم المهمة=42700989): 0
2026-07-31 01:14:14,854 WARNING database.database bulk_add_tasks: فشل إدراج صف (رقم المهمة=42700992): 0
2026-07-31 01:14:15,759 WARNING database.database bulk_add_tasks: فشل إدراج صف (رقم المهمة=42700993): 0
2026-07-31 01:14:16,515 WARNING database.database bulk_add_tasks: فشل إدراج صف (رقم المهمة=42721530): 0
2026-07-31 01:14:17,344 WARNING database.database bulk_add_tasks: فشل إدراج صف (رقم المهمة=42721574): 0
2026-07-31 01:14:18,148 WARNING database.database bulk_add_tasks: فشل إدراج صف (رقم المهمة=42721625): 0
2026-07-31 01:14:19,136 WARNING database.database bulk_add_tasks: فشل إدراج صف (رقم المهمة=42721702): 0
2026-07-31 01:14:19,951 WARNING database.database bulk_add_tasks: فشل إدراج صف (رقم المهمة=42721672): 0
2026-07-31 01:14:20,787 WARNING database.database bulk_add_tasks: فشل إدراج صف (رقم المهمة=42675385): 0
2026-07-31 01:14:21,748 WARNING database.database bulk_add_tasks: فشل إدراج صف (رقم المهمة=42675386): 0
2026-07-31 01:14:22,639 WARNING database.database bulk_add_tasks: فشل إدراج صف (رقم المهمة=42675377): 0
2026-07-31 01:14:23,547 WARNING database.database bulk_add_tasks: فشل إدراج صف (رقم المهمة=42675378): 0
2026-07-31 01:14:24,535 WARNING database.database bulk_add_tasks: فشل إدراج صف (رقم المهمة=42675379): 0
2026-07-31 01:14:25,349 WARNING database.database bulk_add_tasks: فشل إدراج صف (رقم المهمة=42675380): 0
2026-07-31 01:14:26,427 WARNING database.database bulk_add_tasks: فشل إدراج صف (رقم المهمة=42675381): 0
2026-07-31 01:14:27,347 WARNING database.database bulk_add_tasks: فشل إدراج صف (رقم المهمة=42675382): 0
2026-07-31 01:14:28,267 WARNING database.database bulk_add_tasks: فشل إدراج صف (رقم المهمة=42675383): 0
2026-07-31 01:14:28,942 WARNING database.database bulk_add_tasks: فشل إدراج صف (رقم المهمة=42675384): 0
2026-07-31 01:14:29,806 WARNING database.database bulk_add_tasks: فشل إدراج صف (رقم المهمة=42675321): 0
2026-07-31 01:14:30,934 WARNING database.database bulk_add_tasks: فشل إدراج صف (رقم المهمة=42675322): 0
2026-07-31 01:14:31,851 WARNING database.database bulk_add_tasks: فشل إدراج صف (رقم المهمة=42675318): 0
2026-07-31 01:14:32,672 WARNING database.database bulk_add_tasks: فشل إدراج صف (رقم المهمة=42675319): 0
2026-07-31 01:14:33,590 WARNING database.database bulk_add_tasks: فشل إدراج صف (رقم المهمة=42675320): 0
2026-07-31 01:14:34,515 WARNING database.database bulk_add_tasks: فشل إدراج صف (رقم المهمة=42676779): 0
2026-07-31 01:14:35,285 WARNING database.database bulk_add_tasks: فشل إدراج صف (رقم المهمة=42676782): 0
2026-07-31 01:14:36,151 WARNING database.database bulk_add_tasks: فشل إدراج صف (رقم المهمة=42676780): 0
2026-07-31 01:14:36,972 WARNING database.database bulk_add_tasks: فشل إدراج صف (رقم المهمة=42676783): 0
2026-07-31 01:14:37,791 WARNING database.database bulk_add_tasks: فشل إدراج صف (رقم المهمة=42676784): 0
2026-07-31 01:14:38,712 WARNING database.database bulk_add_tasks: فشل إدراج صف (رقم المهمة=42676728): 0
2026-07-31 01:14:39,838 WARNING database.database bulk_add_tasks: فشل إدراج صف (رقم المهمة=42676729): 0
2026-07-31 01:14:40,656 WARNING database.database bulk_add_tasks: فشل إدراج صف (رقم المهمة=42676730): 0
2026-07-31 01:14:41,684 WARNING database.database bulk_add_tasks: فشل إدراج صف (رقم المهمة=42676732): 0
2026-07-31 01:14:42,531 WARNING database.database bulk_add_tasks: فشل إدراج صف (رقم المهمة=42676733): 0
2026-07-31 01:14:43,521 WARNING database.database bulk_add_tasks: فشل إدراج صف (رقم المهمة=42675306): 0
2026-07-31 01:14:44,547 WARNING database.database bulk_add_tasks: فشل إدراج صف (رقم المهمة=42675307): 0
2026-07-31 01:14:45,416 WARNING database.database bulk_add_tasks: فشل إدراج صف (رقم المهمة=42675308): 0
2026-07-31 01:14:46,270 WARNING database.database bulk_add_tasks: فشل إدراج صف (رقم المهمة=42675310): 0
2026-07-31 01:14:47,166 WARNING database.database bulk_add_tasks: فشل إدراج صف (رقم المهمة=42675309): 0
2026-07-31 01:14:48,131 WARNING database.database bulk_add_tasks: فشل إدراج صف (رقم المهمة=42675311): 0
2026-07-31 01:14:49,153 WARNING database.database bulk_add_tasks: فشل إدراج صف (رقم المهمة=42675297): 0
2026-07-31 01:14:50,113 WARNING database.database bulk_add_tasks: فشل إدراج صف (رقم المهمة=42675298): 0
2026-07-31 01:14:50,951 WARNING database.database bulk_add_tasks: فشل إدراج صف (رقم المهمة=42675301): 0
2026-07-31 01:14:51,911 WARNING database.database bulk_add_tasks: فشل إدراج صف (رقم المهمة=42675305): 0
2026-07-31 01:14:52,872 WARNING database.database bulk_add_tasks: فشل إدراج صف (رقم المهمة=42675264): 0
2026-07-31 01:14:53,828 WARNING database.database bulk_add_tasks: فشل إدراج صف (رقم المهمة=42675265): 0
2026-07-31 01:14:54,788 WARNING database.database bulk_add_tasks: فشل إدراج صف (رقم المهمة=42675266): 0
2026-07-31 01:14:55,749 WARNING database.database bulk_add_tasks: فشل إدراج صف (رقم المهمة=42675267): 0
2026-07-31 01:14:56,820 WARNING database.database bulk_add_tasks: فشل إدراج صف (رقم المهمة=42675268): 0
2026-07-31 01:14:57,785 WARNING database.database bulk_add_tasks: فشل إدراج صف (رقم المهمة=42679354): 0
2026-07-31 01:14:58,759 WARNING database.database bulk_add_tasks: فشل إدراج صف (رقم المهمة=42686605): 0
2026-07-31 01:14:59,579 WARNING database.database bulk_add_tasks: فشل إدراج صف (رقم المهمة=42676785): 0
2026-07-31 01:15:00,454 WARNING database.database bulk_add_tasks: فشل إدراج صف (رقم المهمة=42676786): 0
2026-07-31 01:15:01,265 WARNING database.database bulk_add_tasks: فشل إدراج صف (رقم المهمة=42676787): 0
2026-07-31 01:15:02,225 WARNING database.database bulk_add_tasks: فشل إدراج صف (رقم المهمة=42676788): 0
2026-07-31 01:15:03,183 WARNING database.database bulk_add_tasks: فشل إدراج صف (رقم المهمة=42676700): 0
2026-07-31 01:15:04,023 WARNING database.database bulk_add_tasks: فشل إدراج صف (رقم المهمة=42676701): 0
2026-07-31 01:15:04,987 WARNING database.database bulk_add_tasks: فشل إدراج صف (رقم المهمة=42667926): 0
2026-07-31 01:15:05,823 WARNING database.database bulk_add_tasks: فشل إدراج صف (رقم المهمة=42675300): 0
2026-07-31 01:15:06,707 WARNING database.database bulk_add_tasks: فشل إدراج صف (رقم المهمة=42676698): 0
2026-07-31 01:15:07,661 WARNING database.database bulk_add_tasks: فشل إدراج صف (رقم المهمة=42676708): 0
2026-07-31 01:15:08,625 WARNING database.database bulk_add_tasks: فشل إدراج صف (رقم المهمة=42722662): 0
2026-07-31 01:15:09,581 WARNING database.database bulk_add_tasks: فشل إدراج صف (رقم المهمة=42722743): 0
2026-07-31 01:15:10,661 WARNING database.database bulk_add_tasks: فشل إدراج صف (رقم المهمة=42722712): 0
2026-07-31 01:15:11,624 WARNING database.database bulk_add_tasks: فشل إدراج صف (رقم المهمة=42675102): 0
2026-07-31 01:15:12,580 WARNING database.database bulk_add_tasks: فشل إدراج صف (رقم المهمة=42675091): 0
2026-07-31 01:15:13,660 WARNING database.database bulk_add_tasks: فشل إدراج صف (رقم المهمة=42675093): 0
2026-07-31 01:15:14,289 WARNING database.database bulk_add_tasks: فشل إدراج صف (رقم المهمة=42675094): 0
2026-07-31 01:15:15,145 WARNING database.database bulk_add_tasks: فشل إدراج صف (رقم المهمة=42675095): 0
2026-07-31 01:15:15,987 WARNING database.database bulk_add_tasks: فشل إدراج صف (رقم المهمة=42675096): 0
2026-07-31 01:15:16,726 WARNING database.database bulk_add_tasks: فشل إدراج صف (رقم المهمة=42675098): 0
2026-07-31 01:15:17,425 WARNING database.database bulk_add_tasks: فشل إدراج صف (رقم المهمة=42675099): 0
2026-07-31 01:15:18,078 WARNING database.database bulk_add_tasks: فشل إدراج صف (رقم المهمة=42675097): 0
2026-07-31 01:15:18,863 WARNING database.database bulk_add_tasks: فشل إدراج صف (رقم المهمة=42675101): 0
2026-07-31 01:15:19,600 WARNING database.database bulk_add_tasks: فشل إدراج صف (رقم المهمة=42675065): 0
2026-07-31 01:15:20,437 WARNING database.database bulk_add_tasks: فشل إدراج صف (رقم المهمة=42675073): 0
2026-07-31 01:15:21,382 WARNING database.database bulk_add_tasks: فشل إدراج صف (رقم المهمة=42675082): 0
2026-07-31 01:15:22,342 WARNING database.database bulk_add_tasks: فشل إدراج صف (رقم المهمة=42675083): 0
2026-07-31 01:15:23,072 WARNING database.database bulk_add_tasks: فشل إدراج صف (رقم المهمة=42675084): 0
2026-07-31 01:15:23,715 WARNING database.database bulk_add_tasks: فشل إدراج صف (رقم المهمة=42678313): 0
2026-07-31 01:15:24,423 WARNING database.database bulk_add_tasks: فشل إدراج صف (رقم المهمة=42675060): 0
2026-07-31 01:15:25,145 WARNING database.database bulk_add_tasks: فشل إدراج صف (رقم المهمة=42675058): 0
2026-07-31 01:15:26,113 WARNING database.database bulk_add_tasks: فشل إدراج صف (رقم المهمة=42675061): 0
2026-07-31 01:15:27,003 WARNING database.database bulk_add_tasks: فشل إدراج صف (رقم المهمة=42675062): 0
2026-07-31 01:15:28,466 WARNING database.database bulk_add_tasks: فشل إدراج صف (رقم المهمة=42675063): 0
2026-07-31 01:15:29,492 WARNING database.database bulk_add_tasks: فشل إدراج صف (رقم المهمة=42677269): 0
2026-07-31 01:15:30,615 WARNING database.database bulk_add_tasks: فشل إدراج صف (رقم المهمة=42677271): 0
2026-07-31 01:15:31,420 WARNING database.database bulk_add_tasks: فشل إدراج صف (رقم المهمة=42677270): 0
2026-07-31 01:15:32,021 WARNING database.database bulk_add_tasks: فشل إدراج صف (رقم المهمة=42677273): 0
2026-07-31 01:15:32,856 WARNING database.database bulk_add_tasks: فشل إدراج صف (رقم المهمة=42677275): 0
2026-07-31 01:15:33,518 WARNING database.database bulk_add_tasks: فشل إدراج صف (رقم المهمة=42700969): 0
2026-07-31 01:15:34,147 WARNING database.database bulk_add_tasks: فشل إدراج صف (رقم المهمة=42700971): 0
2026-07-31 01:15:35,122 WARNING database.database bulk_add_tasks: فشل إدراج صف (رقم المهمة=42700975): 0
2026-07-31 01:15:35,817 WARNING database.database bulk_add_tasks: فشل إدراج صف (رقم المهمة=42700976): 0
2026-07-31 01:15:36,426 WARNING database.database bulk_add_tasks: فشل إدراج صف (رقم المهمة=42700981): 0
2026-07-31 01:15:37,886 WARNING database.database bulk_add_tasks: فشل إدراج صف (رقم المهمة=42675157): 0
2026-07-31 01:15:38,807 WARNING database.database bulk_add_tasks: فشل إدراج صف (رقم المهمة=42675160): 0
2026-07-31 01:15:39,932 WARNING database.database bulk_add_tasks: فشل إدراج صف (رقم المهمة=42675166): 0
2026-07-31 01:15:40,752 WARNING database.database bulk_add_tasks: فشل إدراج صف (رقم المهمة=42675168): 0
2026-07-31 01:15:41,572 WARNING database.database bulk_add_tasks: فشل إدراج صف (رقم المهمة=42675152): 0
2026-07-31 01:15:42,237 WARNING database.database bulk_add_tasks: فشل إدراج صف (رقم المهمة=42675153): 0
2026-07-31 01:15:43,071 WARNING database.database bulk_add_tasks: فشل إدراج صف (رقم المهمة=42675154): 0
2026-07-31 01:15:43,720 WARNING database.database bulk_add_tasks: فشل إدراج صف (رقم المهمة=42675155): 0
2026-07-31 01:15:44,416 WARNING database.database bulk_add_tasks: فشل إدراج صف (رقم المهمة=42675156): 0
2026-07-31 01:15:45,257 WARNING database.database bulk_add_tasks: فشل إدراج صف (رقم المهمة=42675159): 0
2026-07-31 01:15:45,985 WARNING database.database bulk_add_tasks: فشل إدراج صف (رقم المهمة=42675121): 0
2026-07-31 01:15:46,817 WARNING database.database bulk_add_tasks: فشل إدراج صف (رقم المهمة=42675120): 0
2026-07-31 01:15:47,777 WARNING database.database bulk_add_tasks: فشل إدراج صف (رقم المهمة=42675122): 0
2026-07-31 01:15:48,621 WARNING database.database bulk_add_tasks: فشل إدراج صف (رقم المهمة=42675123): 0
2026-07-31 01:15:49,576 WARNING database.database bulk_add_tasks: فشل إدراج صف (رقم المهمة=42675124): 0
2026-07-31 01:15:50,777 WARNING database.database bulk_add_tasks: فشل إدراج صف (رقم المهمة=42686374): 0
2026-07-31 01:15:52,336 WARNING database.database bulk_add_tasks: فشل إدراج صف (رقم المهمة=42675130): 0
2026-07-31 01:15:53,416 WARNING database.database bulk_add_tasks: فشل إدراج صف (رقم المهمة=42675312): 0
2026-07-31 01:15:54,385 WARNING database.database bulk_add_tasks: فشل إدراج صف (رقم المهمة=42675314): 0
2026-07-31 01:15:55,337 WARNING database.database bulk_add_tasks: فشل إدراج صف (رقم المهمة=42675129): 0
2026-07-31 01:15:56,220 WARNING database.database bulk_add_tasks: فشل إدراج صف (رقم المهمة=42675315): 0
2026-07-31 01:15:57,178 WARNING database.database bulk_add_tasks: فشل إدراج صف (رقم المهمة=42676735): 0
2026-07-31 01:15:58,143 WARNING database.database bulk_add_tasks: فشل إدراج صف (رقم المهمة=42676737): 0
2026-07-31 01:15:59,016 WARNING database.database bulk_add_tasks: فشل إدراج صف (رقم المهمة=42676736): 0
2026-07-31 01:15:59,937 WARNING database.database bulk_add_tasks: فشل إدراج صف (رقم المهمة=42676738): 0
2026-07-31 01:16:00,897 WARNING database.database bulk_add_tasks: فشل إدراج صف (رقم المهمة=42676734): 0
2026-07-31 01:16:01,857 WARNING database.database bulk_add_tasks: فشل إدراج صف (رقم المهمة=42700923): 0
2026-07-31 01:16:02,937 WARNING database.database bulk_add_tasks: فشل إدراج صف (رقم المهمة=42700926): 0
2026-07-31 01:16:03,818 WARNING database.database bulk_add_tasks: فشل إدراج صف (رقم المهمة=42700932): 0
2026-07-31 01:16:04,625 WARNING database.database bulk_add_tasks: فشل إدراج صف (رقم المهمة=42700934): 0
2026-07-31 01:16:05,629 WARNING database.database bulk_add_tasks: فشل إدراج صف (رقم المهمة=42700937): 0
2026-07-31 01:16:06,461 WARNING database.database bulk_add_tasks: فشل إدراج صف (رقم المهمة=42700929): 0
2026-07-31 01:16:07,420 WARNING database.database bulk_add_tasks: فشل إدراج صف (رقم المهمة=42675275): 0
2026-07-31 01:16:08,383 WARNING database.database bulk_add_tasks: فشل إدراج صف (رقم المهمة=42675278): 0
2026-07-31 01:16:09,469 WARNING database.database bulk_add_tasks: فشل إدراج صف (رقم المهمة=42675280): 0
2026-07-31 01:16:10,237 WARNING database.database bulk_add_tasks: فشل إدراج صف (رقم المهمة=42675279): 0
2026-07-31 01:16:11,146 WARNING database.database bulk_add_tasks: فشل إدراج صف (رقم المهمة=42675281): 0
2026-07-31 01:16:12,103 WARNING database.database bulk_add_tasks: فشل إدراج صف (رقم المهمة=42675282): 0
2026-07-31 01:16:12,999 WARNING database.database bulk_add_tasks: فشل إدراج صف (رقم المهمة=42675283): 0
2026-07-31 01:16:15,703 WARNING database.database bulk_add_tasks: فشل إدراج صف (رقم المهمة=42675284): 0
2026-07-31 01:16:16,712 WARNING database.database bulk_add_tasks: فشل إدراج صف (رقم المهمة=42675276): 0
2026-07-31 01:16:17,671 WARNING database.database bulk_add_tasks: فشل إدراج صف (رقم المهمة=42675277): 0
2026-07-31 01:16:18,741 WARNING database.database bulk_add_tasks: فشل إدراج صف (رقم المهمة=42675270): 0
2026-07-31 01:16:20,228 WARNING database.database bulk_add_tasks: فشل إدراج صف (رقم المهمة=42675272): 0
2026-07-31 01:16:21,075 WARNING database.database bulk_add_tasks: فشل إدراج صف (رقم المهمة=42675273): 0
2026-07-31 01:16:21,980 WARNING database.database bulk_add_tasks: فشل إدراج صف (رقم المهمة=42675274): 0
2026-07-31 01:16:22,940 WARNING database.database bulk_add_tasks: فشل إدراج صف (رقم المهمة=42675271): 0
2026-07-31 01:16:23,908 WARNING database.database bulk_add_tasks: فشل إدراج صف (رقم المهمة=42676773): 0
2026-07-31 01:16:24,861 WARNING database.database bulk_add_tasks: فشل إدراج صف (رقم المهمة=42676774): 0
2026-07-31 01:16:26,207 WARNING database.database bulk_add_tasks: فشل إدراج صف (رقم المهمة=42676775): 0
2026-07-31 01:16:27,027 WARNING database.database bulk_add_tasks: فشل إدراج صف (رقم المهمة=42676777): 0
2026-07-31 01:16:27,947 WARNING database.database bulk_add_tasks: فشل إدراج صف (رقم المهمة=42676778): 0
2026-07-31 01:16:28,768 WARNING database.database bulk_add_tasks: فشل إدراج صف (رقم المهمة=42676723): 0
2026-07-31 01:16:29,995 WARNING database.database bulk_add_tasks: فشل إدراج صف (رقم المهمة=42676724): 0
2026-07-31 01:16:30,763 WARNING database.database bulk_add_tasks: فشل إدراج صف (رقم المهمة=42676725): 0
2026-07-31 01:16:31,514 WARNING database.database bulk_add_tasks: فشل إدراج صف (رقم المهمة=42676727): 0
2026-07-31 01:16:32,350 WARNING database.database bulk_add_tasks: فشل إدراج صف (رقم المهمة=42676726): 0
2026-07-31 01:16:33,170 WARNING database.database bulk_add_tasks: فشل إدراج صف (رقم المهمة=42676712): 0
2026-07-31 01:16:33,989 WARNING database.database bulk_add_tasks: فشل إدراج صف (رقم المهمة=42676686): 0
2026-07-31 01:16:35,421 WARNING database.database bulk_add_tasks: فشل إدراج صف (رقم المهمة=42676687): 0
2026-07-31 01:16:36,842 WARNING database.database bulk_add_tasks: فشل إدراج صف (رقم المهمة=42676685): 0
2026-07-31 01:16:37,572 WARNING database.database bulk_add_tasks: فشل إدراج صف (رقم المهمة=42597945): 0
2026-07-31 01:16:38,699 WARNING database.database bulk_add_tasks: فشل إدراج صف (رقم المهمة=42597946): 0
2026-07-31 01:16:39,517 WARNING database.database bulk_add_tasks: فشل إدراج صف (رقم المهمة=42597947): 0
2026-07-31 01:16:40,444 WARNING database.database bulk_add_tasks: فشل إدراج صف (رقم المهمة=42597948): 0
2026-07-31 01:16:41,316 WARNING database.database bulk_add_tasks: فشل إدراج صف (رقم المهمة=42597949): 0
2026-07-31 01:16:41,947 WARNING database.database bulk_add_tasks: فشل إدراج صف (رقم المهمة=42597938): 0
2026-07-31 01:16:42,730 WARNING database.database bulk_add_tasks: فشل إدراج صف (رقم المهمة=42597939): 0
2026-07-31 01:16:43,309 WARNING database.database bulk_add_tasks: فشل إدراج صف (رقم المهمة=42597940): 0
2026-07-31 01:16:43,919 WARNING database.database bulk_add_tasks: فشل إدراج صف (رقم المهمة=42597941): 0
2026-07-31 01:16:44,524 WARNING database.database bulk_add_tasks: فشل إدراج صف (رقم المهمة=42597942): 0
2026-07-31 01:16:45,097 WARNING database.database bulk_add_tasks: فشل إدراج صف (رقم المهمة=42597944): 0
2026-07-31 01:16:45,712 WARNING database.database bulk_add_tasks: فشل إدراج صف (رقم المهمة=42597943): 0
2026-07-31 01:16:46,361 WARNING database.database bulk_add_tasks: فشل إدراج صف (رقم المهمة=42289036): 0
2026-07-31 01:16:47,069 WARNING database.database bulk_add_tasks: فشل إدراج صف (رقم المهمة=42289835): 0
2026-07-31 01:16:47,781 WARNING database.database bulk_add_tasks: فشل إدراج صف (رقم المهمة=42290122): 0
2026-07-31 01:16:48,519 WARNING database.database bulk_add_tasks: فشل إدراج صف (رقم المهمة=42573437): 0
2026-07-31 01:16:49,227 WARNING database.database bulk_add_tasks: فشل إدراج صف (رقم المهمة=42585975): 0
2026-07-31 01:16:49,972 WARNING database.database bulk_add_tasks: فشل إدراج صف (رقم المهمة=42293012): 0
2026-07-31 01:16:50,672 WARNING database.database bulk_add_tasks: فشل إدراج صف (رقم المهمة=42287538): 0
2026-07-31 01:16:51,319 WARNING database.database bulk_add_tasks: فشل إدراج صف (رقم المهمة=42290546): 0
2026-07-31 01:16:52,019 WARNING database.database bulk_add_tasks: فشل إدراج صف (رقم المهمة=42290861): 0
2026-07-31 01:16:52,631 WARNING database.database bulk_add_tasks: فشل إدراج صف (رقم المهمة=42290928): 0
2026-07-31 01:16:53,333 WARNING database.database bulk_add_tasks: فشل إدراج صف (رقم المهمة=42293395): 0
2026-07-31 01:16:54,147 WARNING database.database bulk_add_tasks: فشل إدراج صف (رقم المهمة=42740739): 0
2026-07-31 01:16:54,908 WARNING database.database bulk_add_tasks: فشل إدراج صف (رقم المهمة=42740778): 0
2026-07-31 01:16:55,641 WARNING database.database bulk_add_tasks: فشل إدراج صف (رقم المهمة=42740808): 0
2026-07-31 01:16:56,385 WARNING database.database bulk_add_tasks: فشل إدراج صف (رقم المهمة=42740922): 0
2026-07-31 01:16:57,082 WARNING database.database bulk_add_tasks: فشل إدراج صف (رقم المهمة=42740909): 0
2026-07-31 01:16:57,828 WARNING database.database bulk_add_tasks: فشل إدراج صف (رقم المهمة=41740984): 0
2026-07-31 01:16:58,580 WARNING database.database bulk_add_tasks: فشل إدراج صف (رقم المهمة=42758007): 0
2026-07-31 01:16:59,383 WARNING database.database bulk_add_tasks: فشل إدراج صف (رقم المهمة=42758302): 0
2026-07-31 01:17:00,089 WARNING database.database bulk_add_tasks: فشل إدراج صف (رقم المهمة=42771453): 0
2026-07-31 01:17:00,846 WARNING database.database bulk_add_tasks: فشل إدراج صف (رقم المهمة=42771455): 0
2026-07-31 01:17:01,646 WARNING database.database bulk_add_tasks: فشل إدراج صف (رقم المهمة=42757996): 0
2026-07-31 01:17:02,288 WARNING database.database bulk_add_tasks: فشل إدراج صف (رقم المهمة=42771450): 0
2026-07-31 01:17:03,009 WARNING database.database bulk_add_tasks: فشل إدراج صف (رقم المهمة=42771451): 0
2026-07-31 01:17:03,690 WARNING database.database bulk_add_tasks: فشل إدراج صف (رقم المهمة=42771416): 0
2026-07-31 01:17:04,444 WARNING database.database bulk_add_tasks: فشل إدراج صف (رقم المهمة=42771422): 0
2026-07-31 01:17:05,255 WARNING database.database bulk_add_tasks: فشل إدراج صف (رقم المهمة=42771423): 0
2026-07-31 01:17:06,102 WARNING database.database bulk_add_tasks: فشل إدراج صف (رقم المهمة=42771424): 0
2026-07-31 01:17:07,007 WARNING database.database bulk_add_tasks: فشل إدراج صف (رقم المهمة=42771415): 0
2026-07-31 01:17:07,848 WARNING database.database bulk_add_tasks: فشل إدراج صف (رقم المهمة=42771417): 0
2026-07-31 01:17:08,529 WARNING database.database bulk_add_tasks: فشل إدراج صف (رقم المهمة=42771379): 0
2026-07-31 01:17:09,177 WARNING database.database bulk_add_tasks: فشل إدراج صف (رقم المهمة=42771377): 0
2026-07-31 01:17:10,096 WARNING database.database bulk_add_tasks: فشل إدراج صف (رقم المهمة=42771378): 0
2026-07-31 01:17:10,861 WARNING database.database bulk_add_tasks: فشل إدراج صف (رقم المهمة=42771375): 0
2026-07-31 01:17:12,062 WARNING database.database bulk_add_tasks: فشل إدراج صف (رقم المهمة=42771376): 0
2026-07-31 01:17:12,782 WARNING database.database bulk_add_tasks: فشل إدراج صف (رقم المهمة=42740709): 0
2026-07-31 01:17:13,576 WARNING database.database bulk_add_tasks: فشل إدراج صف (رقم المهمة=42740921): 0
2026-07-31 01:17:14,417 WARNING database.database bulk_add_tasks: فشل إدراج صف (رقم المهمة=42740938): 0
2026-07-31 01:17:15,261 WARNING database.database bulk_add_tasks: فشل إدراج صف (رقم المهمة=42740962): 0
2026-07-31 01:17:17,583 WARNING database.database bulk_add_tasks: فشل إدراج صف (رقم المهمة=42740989): 0
2026-07-31 01:17:18,422 WARNING database.database bulk_add_tasks: فشل إدراج صف (رقم المهمة=42740990): 0
2026-07-31 01:17:19,152 WARNING database.database bulk_add_tasks: فشل إدراج صف (رقم المهمة=42740899): 0
2026-07-31 01:17:19,982 WARNING database.database bulk_add_tasks: فشل إدراج صف (رقم المهمة=42740932): 0
2026-07-31 01:17:21,191 WARNING database.database bulk_add_tasks: فشل إدراج صف (رقم المهمة=42740940): 0
2026-07-31 01:17:21,910 WARNING database.database bulk_add_tasks: فشل إدراج صف (رقم المهمة=42735648): 0
2026-07-31 01:17:22,754 WARNING database.database bulk_add_tasks: فشل إدراج صف (رقم المهمة=42745820): 0
2026-07-31 01:17:23,589 WARNING database.database bulk_add_tasks: فشل إدراج صف (رقم المهمة=42758009): 0
2026-07-31 01:17:24,350 WARNING database.database bulk_add_tasks: فشل إدراج صف (رقم المهمة=42758357): 0
2026-07-31 01:17:25,265 WARNING database.database bulk_add_tasks: فشل إدراج صف (رقم المهمة=42763452): 0
2026-07-31 01:17:26,084 WARNING database.database bulk_add_tasks: فشل إدراج صف (رقم المهمة=42776397): 0
2026-07-31 01:17:27,472 WARNING database.database bulk_add_tasks: فشل إدراج صف (رقم المهمة=42777067): 0
2026-07-31 01:17:28,169 WARNING database.database bulk_add_tasks: فشل إدراج صف (رقم المهمة=42780814): 0
2026-07-31 01:17:29,124 WARNING database.database bulk_add_tasks: فشل إدراج صف (رقم المهمة=42758006): 0
2026-07-31 01:17:30,008 WARNING database.database bulk_add_tasks: فشل إدراج صف (رقم المهمة=11 162800): 0
2026-07-31 01:17:30,735 WARNING database.database bulk_add_tasks: فشل إدراج صف (رقم المهمة=42740811): 0
2026-07-31 01:17:31,688 WARNING database.database bulk_add_tasks: فشل إدراج صف (رقم المهمة=42740870): 0
2026-07-31 01:17:32,610 WARNING database.database bulk_add_tasks: فشل إدراج صف (رقم المهمة=42740884): 0
2026-07-31 01:17:33,447 WARNING database.database bulk_add_tasks: فشل إدراج صف (رقم المهمة=42740941): 0
2026-07-31 01:17:34,156 WARNING database.database bulk_add_tasks: فشل إدراج صف (رقم المهمة=42380030): 0
2026-07-31 01:17:34,801 WARNING database.database bulk_add_tasks: فشل إدراج صف (رقم المهمة=42740724): 0
2026-07-31 01:17:35,592 WARNING database.database bulk_add_tasks: فشل إدراج صف (رقم المهمة=42740959): 0
2026-07-31 01:17:36,290 WARNING database.database bulk_add_tasks: فشل إدراج صف (رقم المهمة=42747626): 0
2026-07-31 01:17:37,041 WARNING database.database bulk_add_tasks: فشل إدراج صف (رقم المهمة=42740916): 0
2026-07-31 01:17:38,009 WARNING database.database bulk_add_tasks: فشل إدراج صف (رقم المهمة=42740917): 0
2026-07-31 01:17:39,065 WARNING database.database bulk_add_tasks: فشل إدراج صف (رقم المهمة=42740926): 0
2026-07-31 01:17:39,882 WARNING database.database bulk_add_tasks: فشل إدراج صف (رقم المهمة=42740952): 0
2026-07-31 01:17:40,702 WARNING database.database bulk_add_tasks: فشل إدراج صف (رقم المهمة=42740766): 0
2026-07-31 01:17:41,524 WARNING database.database bulk_add_tasks: فشل إدراج صف (رقم المهمة=42740768): 0
2026-07-31 01:17:42,665 WARNING database.database bulk_add_tasks: فشل إدراج صف (رقم المهمة=42740769): 0
2026-07-31 01:17:43,777 WARNING database.database bulk_add_tasks: فشل إدراج صف (رقم المهمة=42740887): 0
2026-07-31 01:17:44,700 WARNING database.database bulk_add_tasks: فشل إدراج صف (رقم المهمة=42740752): 0
2026-07-31 01:17:45,621 WARNING database.database bulk_add_tasks: فشل إدراج صف (رقم المهمة=42740910): 0
2026-07-31 01:17:46,469 WARNING database.database bulk_add_tasks: فشل إدراج صف (رقم المهمة=42740857): 0
2026-07-31 01:17:47,424 WARNING database.database bulk_add_tasks: فشل إدراج صف (رقم المهمة=42740815): 0
2026-07-31 01:17:48,267 WARNING database.database bulk_add_tasks: فشل إدراج صف (رقم المهمة=42740851): 0
2026-07-31 01:17:49,239 WARNING database.database bulk_add_tasks: فشل إدراج صف (رقم المهمة=42740886): 0
2026-07-31 01:17:50,182 WARNING database.database bulk_add_tasks: فشل إدراج صف (رقم المهمة=42740755): 0
2026-07-31 01:17:51,268 WARNING database.database bulk_add_tasks: فشل إدراج صف (رقم المهمة=42740930): 0
2026-07-31 01:17:52,231 WARNING database.database bulk_add_tasks: فشل إدراج صف (رقم المهمة=42541284): 0
2026-07-31 01:17:53,072 WARNING database.database bulk_add_tasks: فشل إدراج صف (رقم المهمة=42764786): 0
2026-07-31 01:17:54,023 WARNING database.database bulk_add_tasks: فشل إدراج صف (رقم المهمة=42706627): 0
2026-07-31 01:17:54,984 WARNING database.database bulk_add_tasks: فشل إدراج صف (رقم المهمة=42771433): 0
2026-07-31 01:17:55,944 WARNING database.database bulk_add_tasks: فشل إدراج صف (رقم المهمة=42771434): 0
2026-07-31 01:17:56,853 WARNING database.database bulk_add_tasks: فشل إدراج صف (رقم المهمة=42771435): 0
2026-07-31 01:17:57,792 WARNING database.database bulk_add_tasks: فشل إدراج صف (رقم المهمة=42771439): 0
2026-07-31 01:17:58,768 WARNING database.database bulk_add_tasks: فشل إدراج صف (رقم المهمة=42771438): 0
2026-07-31 01:17:59,632 WARNING database.database bulk_add_tasks: فشل إدراج صف (رقم المهمة=42771440): 0
2026-07-31 01:18:00,484 WARNING database.database bulk_add_tasks: فشل إدراج صف (رقم المهمة=42758874): 0
2026-07-31 01:18:01,518 WARNING database.database bulk_add_tasks: فشل إدراج صف (رقم المهمة=42774074): 0
2026-07-31 01:18:02,373 WARNING database.database bulk_add_tasks: فشل إدراج صف (رقم المهمة=42774799): 0
2026-07-31 01:18:03,191 WARNING database.database bulk_add_tasks: فشل إدراج صف (رقم المهمة=42681536): 0
2026-07-31 01:18:04,173 WARNING database.database bulk_add_tasks: فشل إدراج صف (رقم المهمة=42740703): 0
2026-07-31 01:18:11,756 WARNING database.database bulk_add_tasks: فشل إدراج صف (رقم المهمة=42740832): 0
2026-07-31 01:18:12,716 WARNING database.database bulk_add_tasks: فشل إدراج صف (رقم المهمة=42740799): 0
2026-07-31 01:18:15,113 WARNING database.database bulk_add_tasks: فشل إدراج صف (رقم المهمة=42740893): 0
2026-07-31 01:18:16,225 WARNING database.database bulk_add_tasks: فشل إدراج صف (رقم المهمة=42740963): 0
2026-07-31 01:18:18,933 WARNING database.database bulk_add_tasks: فشل إدراج صف (رقم المهمة=42189127): 0
2026-07-31 01:18:20,217 WARNING database.database bulk_add_tasks: فشل إدراج صف (رقم المهمة=42689657): 0
2026-07-31 01:18:21,337 WARNING database.database bulk_add_tasks: فشل إدراج صف (رقم المهمة=42740838): 0
2026-07-31 01:18:22,486 WARNING database.database bulk_add_tasks: فشل إدراج صف (رقم المهمة=42740943): 0
2026-07-31 01:18:23,382 WARNING database.database bulk_add_tasks: فشل إدراج صف (رقم المهمة=42740961): 0
2026-07-31 01:18:24,409 WARNING database.database bulk_add_tasks: فشل إدراج صف (رقم المهمة=42757523): 0
2026-07-31 01:18:25,384 WARNING database.database bulk_add_tasks: فشل إدراج صف (رقم المهمة=42766488): 0
2026-07-31 01:18:26,129 WARNING database.database bulk_add_tasks: فشل إدراج صف (رقم المهمة=42771514): 0
2026-07-31 01:18:26,907 WARNING database.database bulk_add_tasks: فشل إدراج صف (رقم المهمة=42771517): 0
2026-07-31 01:18:27,636 WARNING database.database bulk_add_tasks: فشل إدراج صف (رقم المهمة=42771515): 0
2026-07-31 01:18:28,301 WARNING database.database bulk_add_tasks: فشل إدراج صف (رقم المهمة=42798929): 0
2026-07-31 01:18:29,156 WARNING database.database bulk_add_tasks: فشل إدراج صف (رقم المهمة=42740749): 0
2026-07-31 01:18:31,032 WARNING database.database bulk_add_tasks: فشل إدراج صف (رقم المهمة=42740944): 0
2026-07-31 01:18:31,683 WARNING database.database bulk_add_tasks: فشل إدراج صف (رقم المهمة=42740885): 0
2026-07-31 01:18:32,336 WARNING database.database bulk_add_tasks: فشل إدراج صف (رقم المهمة=42740748): 0
2026-07-31 01:18:33,018 WARNING database.database bulk_add_tasks: فشل إدراج صف (رقم المهمة=42740861): 0
2026-07-31 01:18:33,899 WARNING database.database bulk_add_tasks: فشل إدراج صف (رقم المهمة=42740879): 0
2026-07-31 01:18:34,786 WARNING database.database bulk_add_tasks: فشل إدراج صف (رقم المهمة=42740935): 0
2026-07-31 01:18:35,814 WARNING database.database bulk_add_tasks: فشل إدراج صف (رقم المهمة=42740960): 0
2026-07-31 01:18:36,629 WARNING database.database bulk_add_tasks: فشل إدراج صف (رقم المهمة=42740821): 0
2026-07-31 01:18:37,551 WARNING database.database bulk_add_tasks: فشل إدراج صف (رقم المهمة=42740734): 0
2026-07-31 01:18:38,630 WARNING database.database bulk_add_tasks: فشل إدراج صف (رقم المهمة=42740894): 0
2026-07-31 01:18:39,705 WARNING database.database bulk_add_tasks: فشل إدراج صف (رقم المهمة=42743757): 0
2026-07-31 01:18:40,494 WARNING database.database bulk_add_tasks: فشل إدراج صف (رقم المهمة=42769399): 0
2026-07-31 01:18:41,402 WARNING database.database bulk_add_tasks: فشل إدراج صف (رقم المهمة=42704312): 0
2026-07-31 01:18:42,051 WARNING database.database bulk_add_tasks: فشل إدراج صف (رقم المهمة=42769746): 0
2026-07-31 01:18:42,651 WARNING database.database bulk_add_tasks: فشل إدراج صف (رقم المهمة=42771546): 0
2026-07-31 01:18:43,261 WARNING database.database bulk_add_tasks: فشل إدراج صف (رقم المهمة=42772068): 0
2026-07-31 01:18:43,876 WARNING database.database bulk_add_tasks: فشل إدراج صف (رقم المهمة=42774524): 0
2026-07-31 01:18:44,539 WARNING database.database bulk_add_tasks: فشل إدراج صف (رقم المهمة=42774696): 0
2026-07-31 01:18:45,206 WARNING database.database bulk_add_tasks: فشل إدراج صف (رقم المهمة=42740947): 0
2026-07-31 01:18:45,801 WARNING database.database bulk_add_tasks: فشل إدراج صف (رقم المهمة=42740858): 0
2026-07-31 01:18:46,576 WARNING database.database bulk_add_tasks: فشل إدراج صف (رقم المهمة=42740859): 0
2026-07-31 01:18:47,289 WARNING database.database bulk_add_tasks: فشل إدراج صف (رقم المهمة=42740860): 0
2026-07-31 01:18:48,107 WARNING database.database bulk_add_tasks: فشل إدراج صف (رقم المهمة=42740819): 0
2026-07-31 01:18:48,954 WARNING database.database bulk_add_tasks: فشل إدراج صف (رقم المهمة=42740842): 0
2026-07-31 01:18:49,657 WARNING database.database bulk_add_tasks: فشل إدراج صف (رقم المهمة=42740985): 0
2026-07-31 01:18:50,417 WARNING database.database bulk_add_tasks: فشل إدراج صف (رقم المهمة=42740828): 0
2026-07-31 01:18:51,132 WARNING database.database bulk_add_tasks: فشل إدراج صف (رقم المهمة=42742608): 0
2026-07-31 01:18:51,849 WARNING database.database bulk_add_tasks: فشل إدراج صف (رقم المهمة=42758164): 0
2026-07-31 01:18:52,700 WARNING database.database bulk_add_tasks: فشل إدراج صف (رقم المهمة=42758367): 0
2026-07-31 01:18:53,787 WARNING database.database bulk_add_tasks: فشل إدراج صف (رقم المهمة=42771456): 0
2026-07-31 01:18:54,587 WARNING database.database bulk_add_tasks: فشل إدراج صف (رقم المهمة=42771457): 0
2026-07-31 01:18:55,313 WARNING database.database bulk_add_tasks: فشل إدراج صف (رقم المهمة=42771458): 0
2026-07-31 01:18:56,205 WARNING database.database bulk_add_tasks: فشل إدراج صف (رقم المهمة=42758508): 0
2026-07-31 01:18:57,290 WARNING database.database bulk_add_tasks: فشل إدراج صف (رقم المهمة=42758273): 0
2026-07-31 01:18:58,102 WARNING database.database bulk_add_tasks: فشل إدراج صف (رقم المهمة=42758084): 0
2026-07-31 01:18:58,848 WARNING database.database bulk_add_tasks: فشل إدراج صف (رقم المهمة=42758290): 0
2026-07-31 01:18:59,542 WARNING database.database bulk_add_tasks: فشل إدراج صف (رقم المهمة=42758301): 0
2026-07-31 01:19:00,287 WARNING database.database bulk_add_tasks: فشل إدراج صف (رقم المهمة=42758541): 0
2026-07-31 01:19:01,105 WARNING database.database bulk_add_tasks: فشل إدراج صف (رقم المهمة=42758364): 0
2026-07-31 01:19:01,858 WARNING database.database bulk_add_tasks: فشل إدراج صف (رقم المهمة=42758398): 0
2026-07-31 01:19:02,697 WARNING database.database bulk_add_tasks: فشل إدراج صف (رقم المهمة=42743799): 0
2026-07-31 01:19:03,502 WARNING database.database bulk_add_tasks: فشل إدراج صف (رقم المهمة=42738375): 0
2026-07-31 01:19:04,236 WARNING database.database bulk_add_tasks: فشل إدراج صف (رقم المهمة=42771358): 0
2026-07-31 01:19:04,948 WARNING database.database bulk_add_tasks: فشل إدراج صف (رقم المهمة=42771359): 0
2026-07-31 01:19:05,686 WARNING database.database bulk_add_tasks: فشل إدراج صف (رقم المهمة=42771360): 0
2026-07-31 01:19:06,586 WARNING database.database bulk_add_tasks: فشل إدراج صف (رقم المهمة=42771363): 0
2026-07-31 01:19:07,787 WARNING database.database bulk_add_tasks: فشل إدراج صف (رقم المهمة=42771357): 0
2026-07-31 01:19:08,590 WARNING database.database bulk_add_tasks: فشل إدراج صف (رقم المهمة=42740736): 0
2026-07-31 01:19:09,337 WARNING database.database bulk_add_tasks: فشل إدراج صف (رقم المهمة=42740779): 0
2026-07-31 01:19:10,059 WARNING database.database bulk_add_tasks: فشل إدراج صف (رقم المهمة=42740816): 0
2026-07-31 01:19:10,800 WARNING database.database bulk_add_tasks: فشل إدراج صف (رقم المهمة=42740872): 0
2026-07-31 01:19:11,611 WARNING database.database bulk_add_tasks: فشل إدراج صف (رقم المهمة=42740937): 0
2026-07-31 01:19:12,360 WARNING database.database bulk_add_tasks: فشل إدراج صف (رقم المهمة=42740902): 0
2026-07-31 01:19:13,072 WARNING database.database bulk_add_tasks: فشل إدراج صف (رقم المهمة=42740717): 0
2026-07-31 01:19:13,800 WARNING database.database bulk_add_tasks: فشل إدراج صف (رقم المهمة=42740897): 0
2026-07-31 01:19:14,516 WARNING database.database bulk_add_tasks: فشل إدراج صف (رقم المهمة=42744313): 0
2026-07-31 01:19:15,238 WARNING database.database bulk_add_tasks: فشل إدراج صف (رقم المهمة=42841001): 0
2026-07-31 01:19:15,945 WARNING database.database bulk_add_tasks: فشل إدراج صف (رقم المهمة=42841205): 0
2026-07-31 01:19:16,703 WARNING database.database bulk_add_tasks: فشل إدراج صف (رقم المهمة=42841451): 0
2026-07-31 01:19:17,513 WARNING database.database bulk_add_tasks: فشل إدراج صف (رقم المهمة=42841233): 0
2026-07-31 01:19:18,288 WARNING database.database bulk_add_tasks: فشل إدراج صف (رقم المهمة=42841027): 0
2026-07-31 01:19:19,198 WARNING database.database bulk_add_tasks: فشل إدراج صف (رقم المهمة=42840915): 0
2026-07-31 01:19:19,963 WARNING database.database bulk_add_tasks: فشل إدراج صف (رقم المهمة=42814017): 0
2026-07-31 01:19:20,871 WARNING database.database bulk_add_tasks: فشل إدراج صف (رقم المهمة=42920865): 0
2026-07-31 01:19:21,743 WARNING database.database bulk_add_tasks: فشل إدراج صف (رقم المهمة=42963801): 0
2026-07-31 01:19:22,553 WARNING database.database bulk_add_tasks: فشل إدراج صف (رقم المهمة=42965741): 0
2026-07-31 01:19:23,394 WARNING database.database bulk_add_tasks: فشل إدراج صف (رقم المهمة=42979819): 0
2026-07-31 01:19:24,114 WARNING database.database bulk_add_tasks: فشل إدراج صف (رقم المهمة=42980938): 0
2026-07-31 01:19:24,886 WARNING database.database bulk_add_tasks: فشل إدراج صف (رقم المهمة=42979901): 0
2026-07-31 01:19:25,575 WARNING database.database bulk_add_tasks: فشل إدراج صف (رقم المهمة=42982110): 0
2026-07-31 01:19:26,196 WARNING database.database bulk_add_tasks: فشل إدراج صف (رقم المهمة=42841288): 0
2026-07-31 01:19:26,854 WARNING database.database bulk_add_tasks: فشل إدراج صف (رقم المهمة=42841184): 0
2026-07-31 01:19:27,461 WARNING database.database bulk_add_tasks: فشل إدراج صف (رقم المهمة=42841248): 0
2026-07-31 01:19:28,060 WARNING database.database bulk_add_tasks: فشل إدراج صف (رقم المهمة=42841401): 0
2026-07-31 01:19:28,660 WARNING database.database bulk_add_tasks: فشل إدراج صف (رقم المهمة=42840930): 0
2026-07-31 01:19:29,413 WARNING database.database bulk_add_tasks: فشل إدراج صف (رقم المهمة=42841236): 0
2026-07-31 01:19:30,400 WARNING database.database bulk_add_tasks: فشل إدراج صف (رقم المهمة=42840896): 0
2026-07-31 01:19:31,071 WARNING database.database bulk_add_tasks: فشل إدراج صف (رقم المهمة=42826160): 0
2026-07-31 01:19:31,667 WARNING database.database bulk_add_tasks: فشل إدراج صف (رقم المهمة=42947730): 0
2026-07-31 01:19:32,348 WARNING database.database bulk_add_tasks: فشل إدراج صف (رقم المهمة=42947739): 0
2026-07-31 01:19:33,164 WARNING database.database bulk_add_tasks: فشل إدراج صف (رقم المهمة=42947743): 0
2026-07-31 01:19:34,803 WARNING database.database bulk_add_tasks: فشل إدراج صف (رقم المهمة=42947755): 0
2026-07-31 01:19:35,720 WARNING database.database bulk_add_tasks: فشل إدراج صف (رقم المهمة=42947766): 0
2026-07-31 01:19:36,540 WARNING database.database bulk_add_tasks: فشل إدراج صف (رقم المهمة=42947694): 0
2026-07-31 01:19:37,208 WARNING database.database bulk_add_tasks: فشل إدراج صف (رقم المهمة=42931163): 0
2026-07-31 01:19:38,029 WARNING database.database bulk_add_tasks: فشل إدراج صف (رقم المهمة=42826180): 0
2026-07-31 01:19:38,620 WARNING database.database bulk_add_tasks: فشل إدراج صف (رقم المهمة=42947670): 0
2026-07-31 01:19:39,206 WARNING database.database bulk_add_tasks: فشل إدراج صف (رقم المهمة=42947653): 0
2026-07-31 01:19:39,890 WARNING database.database bulk_add_tasks: فشل إدراج صف (رقم المهمة=42947672): 0
2026-07-31 01:19:40,527 WARNING database.database bulk_add_tasks: فشل إدراج صف (رقم المهمة=42947812): 0
2026-07-31 01:19:41,183 WARNING database.database bulk_add_tasks: فشل إدراج صف (رقم المهمة=42947782): 0
2026-07-31 01:19:42,024 WARNING database.database bulk_add_tasks: فشل إدراج صف (رقم المهمة=42840935): 0
2026-07-31 01:19:42,707 WARNING database.database bulk_add_tasks: فشل إدراج صف (رقم المهمة=42841153): 0
2026-07-31 01:19:43,708 WARNING database.database bulk_add_tasks: فشل إدراج صف (رقم المهمة=42841434): 0
2026-07-31 01:19:44,528 WARNING database.database bulk_add_tasks: فشل إدراج صف (رقم المهمة=42881892): 0
2026-07-31 01:19:45,347 WARNING database.database bulk_add_tasks: فشل إدراج صف (رقم المهمة=42963090): 0
2026-07-31 01:19:46,019 WARNING database.database bulk_add_tasks: فشل إدراج صف (رقم المهمة=42944307): 0
2026-07-31 01:19:46,978 WARNING database.database bulk_add_tasks: فشل إدراج صف (رقم المهمة=42947382): 0
2026-07-31 01:19:47,941 WARNING database.database bulk_add_tasks: فشل إدراج صف (رقم المهمة=42946281): 0
2026-07-31 01:19:48,827 WARNING database.database bulk_add_tasks: فشل إدراج صف (رقم المهمة=42967267): 0
2026-07-31 01:19:49,745 WARNING database.database bulk_add_tasks: فشل إدراج صف (رقم المهمة=42935647): 0
2026-07-31 01:19:50,583 WARNING database.database bulk_add_tasks: فشل إدراج صف (رقم المهمة=42949930): 0
2026-07-31 01:19:51,413 WARNING database.database bulk_add_tasks: فشل إدراج صف (رقم المهمة=42827974): 0
2026-07-31 01:19:52,494 WARNING database.database bulk_add_tasks: فشل إدراج صف (رقم المهمة=42884343): 0
2026-07-31 01:19:53,340 WARNING database.database bulk_add_tasks: فشل إدراج صف (رقم المهمة=42910614): 0
2026-07-31 01:19:54,297 WARNING database.database bulk_add_tasks: فشل إدراج صف (رقم المهمة=42835869): 0
2026-07-31 01:19:55,260 WARNING database.database bulk_add_tasks: فشل إدراج صف (رقم المهمة=42873050): 0
2026-07-31 01:19:56,231 WARNING database.database bulk_add_tasks: فشل إدراج صف (رقم المهمة=42826243): 0
2026-07-31 01:19:57,307 WARNING database.database bulk_add_tasks: فشل إدراج صف (رقم المهمة=42826246): 0
2026-07-31 01:19:58,267 WARNING database.database bulk_add_tasks: فشل إدراج صف (رقم المهمة=42826255): 0
2026-07-31 01:19:59,105 WARNING database.database bulk_add_tasks: فشل إدراج صف (رقم المهمة=42953110): 0
2026-07-31 01:20:00,198 WARNING database.database bulk_add_tasks: فشل إدراج صف (رقم المهمة=42889250): 0
2026-07-31 01:20:01,141 WARNING database.database bulk_add_tasks: فشل إدراج صف (رقم المهمة=42841037): 0
2026-07-31 01:20:01,881 WARNING database.database bulk_add_tasks: فشل إدراج صف (رقم المهمة=42840932): 0
2026-07-31 01:20:02,706 WARNING database.database bulk_add_tasks: فشل إدراج صف (رقم المهمة=42841074): 0
2026-07-31 01:20:03,588 WARNING database.database bulk_add_tasks: فشل إدراج صف (رقم المهمة=42841075): 0
2026-07-31 01:20:04,381 WARNING database.database bulk_add_tasks: فشل إدراج صف (رقم المهمة=42841043): 0
2026-07-31 01:20:05,469 WARNING database.database bulk_add_tasks: فشل إدراج صف (رقم المهمة=42841097): 0
2026-07-31 01:20:06,307 WARNING database.database bulk_add_tasks: فشل إدراج صف (رقم المهمة=42841270): 0
2026-07-31 01:20:07,192 WARNING database.database bulk_add_tasks: فشل إدراج صف (رقم المهمة=42841004): 0
2026-07-31 01:20:07,962 WARNING database.database bulk_add_tasks: فشل إدراج صف (رقم المهمة=42822885): 0
2026-07-31 01:20:08,785 WARNING database.database bulk_add_tasks: فشل إدراج صف (رقم المهمة=42841221): 0
2026-07-31 01:20:09,592 WARNING database.database bulk_add_tasks: فشل إدراج صف (رقم المهمة=42885255): 0
2026-07-31 01:20:10,426 WARNING database.database bulk_add_tasks: فشل إدراج صف (رقم المهمة=42971941): 0
2026-07-31 01:20:11,873 WARNING database.database bulk_add_tasks: فشل إدراج صف (رقم المهمة=42976678): 0
2026-07-31 01:20:12,945 WARNING database.database bulk_add_tasks: فشل إدراج صف (رقم المهمة=42819837): 0
2026-07-31 01:20:13,563 WARNING database.database bulk_add_tasks: فشل إدراج صف (رقم المهمة=43003399): 0
2026-07-31 01:20:14,266 WARNING database.database bulk_add_tasks: فشل إدراج صف (رقم المهمة=43003408): 0
2026-07-31 01:20:14,993 WARNING database.database bulk_add_tasks: فشل إدراج صف (رقم المهمة=43003417): 0
2026-07-31 01:20:15,953 WARNING database.database bulk_add_tasks: فشل إدراج صف (رقم المهمة=43003425): 0
2026-07-31 01:20:16,718 WARNING database.database bulk_add_tasks: فشل إدراج صف (رقم المهمة=43003394): 0
2026-07-31 01:20:17,603 WARNING database.database bulk_add_tasks: فشل إدراج صف (رقم المهمة=42771409): 0
2026-07-31 01:20:18,510 WARNING database.database bulk_add_tasks: فشل إدراج صف (رقم المهمة=42771408): 0
2026-07-31 01:20:19,277 WARNING database.database bulk_add_tasks: فشل إدراج صف (رقم المهمة=42771412): 0
2026-07-31 01:20:20,192 WARNING database.database bulk_add_tasks: فشل إدراج صف (رقم المهمة=42771411): 0
2026-07-31 01:20:21,316 WARNING database.database bulk_add_tasks: فشل إدراج صف (رقم المهمة=42771414): 0
2026-07-31 01:20:22,503 WARNING database.database bulk_add_tasks: فشل إدراج صف (رقم المهمة=42771410): 0
2026-07-31 01:20:23,243 WARNING database.database bulk_add_tasks: فشل إدراج صف (رقم المهمة=42826247): 0
2026-07-31 01:20:23,943 WARNING database.database bulk_add_tasks: فشل إدراج صف (رقم المهمة=42970661): 0
2026-07-31 01:20:24,751 WARNING database.database bulk_add_tasks: فشل إدراج صف (رقم المهمة=42982852): 0
2026-07-31 01:20:25,710 WARNING database.database bulk_add_tasks: فشل إدراج صف (رقم المهمة=42982923): 0
2026-07-31 01:20:26,927 WARNING database.database bulk_add_tasks: فشل إدراج صف (رقم المهمة=42982893): 0
2026-07-31 01:20:27,844 WARNING database.database bulk_add_tasks: فشل إدراج صف (رقم المهمة=42982830): 0
2026-07-31 01:20:28,868 WARNING database.database bulk_add_tasks: فشل إدراج صف (رقم المهمة=42982958): 0
2026-07-31 01:20:30,506 WARNING database.database bulk_add_tasks: فشل إدراج صف (رقم المهمة=42982963): 0
2026-07-31 01:20:31,238 WARNING database.database bulk_add_tasks: فشل إدراج صف (رقم المهمة=42982934): 0
2026-07-31 01:20:32,045 WARNING database.database bulk_add_tasks: فشل إدراج صف (رقم المهمة=42851317): 0
2026-07-31 01:20:32,866 WARNING database.database bulk_add_tasks: فشل إدراج صف (رقم المهمة=42853800): 0
2026-07-31 01:20:33,988 WARNING database.database bulk_add_tasks: فشل إدراج صف (رقم المهمة=42851094): 0
2026-07-31 01:20:34,918 WARNING database.database bulk_add_tasks: فشل إدراج صف (رقم المهمة=42853808): 0
2026-07-31 01:20:35,933 WARNING database.database bulk_add_tasks: فشل إدراج صف (رقم المهمة=42900910): 0
2026-07-31 01:20:36,753 WARNING database.database bulk_add_tasks: فشل إدراج صف (رقم المهمة=42851147): 0
2026-07-31 01:20:37,469 WARNING database.database bulk_add_tasks: فشل إدراج صف (رقم المهمة=42943420): 0
2026-07-31 01:20:38,288 WARNING database.database bulk_add_tasks: فشل إدراج صف (رقم المهمة=42962450): 0
2026-07-31 01:20:39,013 WARNING database.database bulk_add_tasks: فشل إدراج صف (رقم المهمة=42970821): 0
2026-07-31 01:20:39,722 WARNING database.database bulk_add_tasks: فشل إدراج صف (رقم المهمة=42975512): 0
2026-07-31 01:20:41,565 WARNING database.database bulk_add_tasks: فشل إدراج صف (رقم المهمة=42838492): 0
2026-07-31 01:20:42,491 WARNING database.database bulk_add_tasks: فشل إدراج صف (رقم المهمة=42881886): 0
2026-07-31 01:20:43,306 WARNING database.database bulk_add_tasks: فشل إدراج صف (رقم المهمة=42937406): 0
2026-07-31 01:20:44,130 WARNING database.database bulk_add_tasks: فشل إدراج صف (رقم المهمة=42994895): 0
2026-07-31 01:20:45,358 WARNING database.database bulk_add_tasks: فشل إدراج صف (رقم المهمة=42979546): 0
2026-07-31 01:20:46,396 WARNING database.database bulk_add_tasks: فشل إدراج صف (رقم المهمة=42930938): 0
2026-07-31 01:20:47,355 WARNING database.database bulk_add_tasks: فشل إدراج صف (رقم المهمة=42852316): 0
2026-07-31 01:20:48,314 WARNING database.database bulk_add_tasks: فشل إدراج صف (رقم المهمة=42936624): 0
2026-07-31 01:20:49,154 WARNING database.database bulk_add_tasks: فشل إدراج صف (رقم المهمة=42853188): 0
2026-07-31 01:20:49,984 WARNING database.database bulk_add_tasks: فشل إدراج صف (رقم المهمة=42903966): 0
2026-07-31 01:20:50,955 WARNING database.database bulk_add_tasks: فشل إدراج صف (رقم المهمة=42937347): 0
2026-07-31 01:20:51,907 WARNING database.database bulk_add_tasks: فشل إدراج صف (رقم المهمة=42910155): 0
2026-07-31 01:20:52,764 WARNING database.database bulk_add_tasks: فشل إدراج صف (رقم المهمة=42927034): 0
2026-07-31 01:20:53,584 WARNING database.database bulk_add_tasks: فشل إدراج صف (رقم المهمة=42964580): 0
2026-07-31 01:20:54,423 WARNING database.database bulk_add_tasks: فشل إدراج صف (رقم المهمة=42964654): 0
2026-07-31 01:20:55,384 WARNING database.database bulk_add_tasks: فشل إدراج صف (رقم المهمة=42964863): 0
2026-07-31 01:20:56,213 WARNING database.database bulk_add_tasks: فشل إدراج صف (رقم المهمة=42975210): 0
2026-07-31 01:20:56,978 WARNING database.database bulk_add_tasks: فشل إدراج صف (رقم المهمة=43001781): 0
2026-07-31 01:20:57,893 WARNING database.database bulk_add_tasks: فشل إدراج صف (رقم المهمة=43001788): 0
2026-07-31 01:20:58,853 WARNING database.database bulk_add_tasks: فشل إدراج صف (رقم المهمة=4301794): 0
2026-07-31 01:20:59,823 WARNING database.database bulk_add_tasks: فشل إدراج صف (رقم المهمة=43001831): 0
2026-07-31 01:21:00,773 WARNING database.database bulk_add_tasks: فشل إدراج صف (رقم المهمة=43001841): 0
2026-07-31 01:21:01,755 WARNING database.database bulk_add_tasks: فشل إدراج صف (رقم المهمة=43001800): 0
2026-07-31 01:21:02,952 WARNING database.database bulk_add_tasks: فشل إدراج صف (رقم المهمة=43001854): 0
2026-07-31 01:21:03,896 WARNING database.database bulk_add_tasks: فشل إدراج صف (رقم المهمة=43001857): 0
2026-07-31 01:21:05,214 WARNING database.database bulk_add_tasks: فشل إدراج صف (رقم المهمة=43001868): 0
2026-07-31 01:21:07,631 WARNING database.database bulk_add_tasks: فشل إدراج صف (رقم المهمة=43001864): 0
2026-07-31 01:21:08,592 WARNING database.database bulk_add_tasks: فشل إدراج صف (رقم المهمة=43001876): 0
2026-07-31 01:21:09,557 WARNING database.database bulk_add_tasks: فشل إدراج صف (رقم المهمة=43001884): 0
2026-07-31 01:21:10,509 WARNING database.database bulk_add_tasks: فشل إدراج صف (رقم المهمة=43040445): 0
2026-07-31 01:21:11,354 WARNING database.database bulk_add_tasks: فشل إدراج صف (رقم المهمة=43016432): 0
2026-07-31 01:21:12,348 WARNING database.database bulk_add_tasks: فشل إدراج صف (رقم المهمة=43039429): 0
2026-07-31 01:21:13,262 WARNING database.database bulk_add_tasks: فشل إدراج صف (رقم المهمة=43040351): 0
2026-07-31 01:21:14,145 WARNING database.database bulk_add_tasks: فشل إدراج صف (رقم المهمة=43041798): 0
2026-07-31 01:21:15,068 WARNING database.database bulk_add_tasks: فشل إدراج صف (رقم المهمة=42919435): 0
2026-07-31 01:21:15,948 WARNING database.database bulk_add_tasks: فشل إدراج صف (رقم المهمة=43004389): 0
2026-07-31 01:21:16,708 WARNING database.database bulk_add_tasks: فشل إدراج صف (رقم المهمة=43027503): 0
2026-07-31 01:21:17,508 WARNING database.database bulk_add_tasks: فشل إدراج صف (رقم المهمة=43041943): 0
2026-07-31 01:21:18,256 WARNING database.database bulk_add_tasks: فشل إدراج صف (رقم المهمة=43047803): 0
2026-07-31 01:21:19,069 WARNING database.database bulk_add_tasks: فشل إدراج صف (رقم المهمة=42839619): 0
2026-07-31 01:21:19,837 WARNING database.database bulk_add_tasks: فشل إدراج صف (رقم المهمة=43063355): 0
2026-07-31 01:21:20,753 WARNING database.database bulk_add_tasks: فشل إدراج صف (رقم المهمة=42922880): 0
2026-07-31 01:21:21,859 WARNING database.database bulk_add_tasks: فشل إدراج صف (رقم المهمة=42995183): 0
2026-07-31 01:21:22,668 WARNING database.database bulk_add_tasks: فشل إدراج صف (رقم المهمة=42983338): 0
2026-07-31 01:21:23,659 WARNING database.database bulk_add_tasks: فشل إدراج صف (رقم المهمة=43046228): 0
2026-07-31 01:21:24,473 WARNING database.database bulk_add_tasks: فشل إدراج صف (رقم المهمة=43061651): 0
2026-07-31 01:21:25,236 WARNING database.database bulk_add_tasks: فشل إدراج صف (رقم المهمة=43056266): 0
2026-07-31 01:21:27,443 WARNING database.database bulk_add_tasks: فشل إدراج صف (رقم المهمة=43053403): 0
2026-07-31 01:21:28,365 WARNING database.database bulk_add_tasks: فشل إدراج صف (رقم المهمة=43043128): 0
2026-07-31 01:21:29,184 WARNING database.database bulk_add_tasks: فشل إدراج صف (رقم المهمة=43043133): 0
2026-07-31 01:21:30,003 WARNING database.database bulk_add_tasks: فشل إدراج صف (رقم المهمة=43043136): 0
2026-07-31 01:21:30,936 WARNING database.database bulk_add_tasks: فشل إدراج صف (رقم المهمة=43043143): 0
2026-07-31 01:21:32,152 WARNING database.database bulk_add_tasks: فشل إدراج صف (رقم المهمة=43043151): 0
2026-07-31 01:21:33,076 WARNING database.database bulk_add_tasks: فشل إدراج صف (رقم المهمة=43043155): 0
2026-07-31 01:21:33,756 WARNING database.database bulk_add_tasks: فشل إدراج صف (رقم المهمة=43043161): 0
2026-07-31 01:21:34,397 WARNING database.database bulk_add_tasks: فشل إدراج صف (رقم المهمة=42963107): 0
2026-07-31 01:21:34,972 WARNING database.database bulk_add_tasks: فشل إدراج صف (رقم المهمة=43010526): 0
2026-07-31 01:21:36,046 WARNING database.database bulk_add_tasks: فشل إدراج صف (رقم المهمة=43030834): 0
2026-07-31 01:21:36,660 WARNING database.database bulk_add_tasks: فشل إدراج صف (رقم المهمة=43045525): 0
2026-07-31 01:21:37,479 WARNING database.database bulk_add_tasks: فشل إدراج صف (رقم المهمة=43045359): 0
2026-07-31 01:21:38,405 WARNING database.database bulk_add_tasks: فشل إدراج صف (رقم المهمة=42593987): 0
2026-07-31 01:21:39,220 WARNING database.database bulk_add_tasks: فشل إدراج صف (رقم المهمة=42883863): 0
2026-07-31 01:21:40,244 WARNING database.database bulk_add_tasks: فشل إدراج صف (رقم المهمة=42880279): 0
2026-07-31 01:21:41,268 WARNING database.database bulk_add_tasks: فشل إدراج صف (رقم المهمة=42946146): 0
2026-07-31 01:21:42,087 WARNING database.database bulk_add_tasks: فشل إدراج صف (رقم المهمة=42991083): 0
2026-07-31 01:21:42,907 WARNING database.database bulk_add_tasks: فشل إدراج صف (رقم المهمة=43045202): 0
2026-07-31 01:21:43,828 WARNING database.database bulk_add_tasks: فشل إدراج صف (رقم المهمة=43045434): 0
2026-07-31 01:21:45,057 WARNING database.database bulk_add_tasks: فشل إدراج صف (رقم المهمة=42988311): 0
2026-07-31 01:21:45,877 WARNING database.database bulk_add_tasks: فشل إدراج صف (رقم المهمة=42991021): 0
2026-07-31 01:21:46,817 WARNING database.database bulk_add_tasks: فشل إدراج صف (رقم المهمة=43041882): 0
2026-07-31 01:21:47,782 WARNING database.database bulk_add_tasks: فشل إدراج صف (رقم المهمة=43041915): 0
2026-07-31 01:21:48,621 WARNING database.database bulk_add_tasks: فشل إدراج صف (رقم المهمة=43041928): 0
2026-07-31 01:21:49,461 WARNING database.database bulk_add_tasks: فشل إدراج صف (رقم المهمة=43041934): 0
2026-07-31 01:21:50,309 WARNING database.database bulk_add_tasks: فشل إدراج صف (رقم المهمة=43041939): 0
2026-07-31 01:21:51,137 WARNING database.database bulk_add_tasks: فشل إدراج صف (رقم المهمة=43041961): 0
2026-07-31 01:21:51,977 WARNING database.database bulk_add_tasks: فشل إدراج صف (رقم المهمة=43041944): 0
2026-07-31 01:21:52,828 WARNING database.database bulk_add_tasks: فشل إدراج صف (رقم المهمة=43041844): 0
2026-07-31 01:21:53,659 WARNING database.database bulk_add_tasks: فشل إدراج صف (رقم المهمة=43041855): 0
2026-07-31 01:21:54,751 WARNING database.database bulk_add_tasks: فشل إدراج صف (رقم المهمة=43041876): 0
2026-07-31 01:21:55,583 WARNING database.database bulk_add_tasks: فشل إدراج صف (رقم المهمة=42826224): 0
2026-07-31 01:21:56,390 WARNING database.database bulk_add_tasks: فشل إدراج صف (رقم المهمة=42826226): 0
2026-07-31 01:21:57,101 WARNING database.database bulk_add_tasks: فشل إدراج صف (رقم المهمة=42985916): 0
2026-07-31 01:21:58,159 WARNING database.database bulk_add_tasks: فشل إدراج صف (رقم المهمة=43006537): 0
2026-07-31 01:21:58,985 WARNING database.database bulk_add_tasks: فشل إدراج صف (رقم المهمة=43043095): 0
2026-07-31 01:21:59,739 WARNING database.database bulk_add_tasks: فشل إدراج صف (رقم المهمة=42988265): 0
2026-07-31 01:22:00,558 WARNING database.database bulk_add_tasks: فشل إدراج صف (رقم المهمة=43050726): 0
2026-07-31 01:22:01,527 WARNING database.database bulk_add_tasks: فشل إدراج صف (رقم المهمة=43053134): 0
2026-07-31 01:22:02,151 WARNING database.database bulk_add_tasks: فشل إدراج صف (رقم المهمة=43046193): 0
2026-07-31 01:22:02,854 WARNING database.database bulk_add_tasks: فشل إدراج صف (رقم المهمة=42880316): 0
2026-07-31 01:22:03,561 WARNING database.database bulk_add_tasks: فشل إدراج صف (رقم المهمة=43054537): 0
2026-07-31 01:22:04,674 WARNING database.database bulk_add_tasks: فشل إدراج صف (رقم المهمة=42991127): 0
2026-07-31 01:22:05,360 WARNING database.database bulk_add_tasks: فشل إدراج صف (رقم المهمة=43024496): 0
2026-07-31 01:22:05,997 WARNING database.database bulk_add_tasks: فشل إدراج صف (رقم المهمة=43030836): 0
2026-07-31 01:22:06,736 WARNING database.database bulk_add_tasks: فشل إدراج صف (رقم المهمة=42985898): 0
2026-07-31 01:22:07,460 WARNING database.database bulk_add_tasks: فشل إدراج صف (رقم المهمة=42995195): 0
2026-07-31 01:22:08,291 WARNING database.database bulk_add_tasks: فشل إدراج صف (رقم المهمة=42985724): 0
2026-07-31 01:22:09,041 WARNING database.database bulk_add_tasks: فشل إدراج صف (رقم المهمة=42985733): 0
2026-07-31 01:22:09,857 WARNING database.database bulk_add_tasks: فشل إدراج صف (رقم المهمة=43016305): 0
2026-07-31 01:22:10,472 WARNING database.database bulk_add_tasks: فشل إدراج صف (رقم المهمة=42980827): 0
2026-07-31 01:22:11,157 WARNING database.database bulk_add_tasks: فشل إدراج صف (رقم المهمة=43033042): 0
2026-07-31 01:22:11,867 WARNING database.database bulk_add_tasks: فشل إدراج صف (رقم المهمة=43053052): 0
2026-07-31 01:22:12,503 WARNING database.database bulk_add_tasks: فشل إدراج صف (رقم المهمة=43045504): 0
2026-07-31 01:22:13,239 WARNING database.database bulk_add_tasks: فشل إدراج صف (رقم المهمة=43002744): 0
2026-07-31 01:22:14,062 WARNING database.database bulk_add_tasks: فشل إدراج صف (رقم المهمة=43047878): 0
2026-07-31 01:22:14,767 WARNING database.database bulk_add_tasks: فشل إدراج صف (رقم المهمة=43053821): 0
2026-07-31 01:22:15,492 WARNING database.database bulk_add_tasks: فشل إدراج صف (رقم المهمة=43045327): 0
2026-07-31 01:22:16,309 WARNING database.database bulk_add_tasks: فشل إدراج صف (رقم المهمة=43054137): 0
2026-07-31 01:22:17,484 WARNING database.database bulk_add_tasks: فشل إدراج صف (رقم المهمة=43012154): 0
2026-07-31 01:22:18,204 WARNING database.database bulk_add_tasks: فشل إدراج صف (رقم المهمة=43066046): 0
2026-07-31 01:22:18,994 WARNING database.database bulk_add_tasks: فشل إدراج صف (رقم المهمة=43055059): 0
2026-07-31 01:22:19,996 WARNING database.database bulk_add_tasks: فشل إدراج صف (رقم المهمة=43055182): 0
2026-07-31 01:22:20,836 WARNING database.database bulk_add_tasks: فشل إدراج صف (رقم المهمة=43042265): 0
2026-07-31 01:22:21,565 WARNING database.database bulk_add_tasks: فشل إدراج صف (رقم المهمة=43042285): 0
2026-07-31 01:22:22,401 WARNING database.database bulk_add_tasks: فشل إدراج صف (رقم المهمة=43042274): 0
2026-07-31 01:22:23,116 WARNING database.database bulk_add_tasks: فشل إدراج صف (رقم المهمة=43042289): 0
2026-07-31 01:22:23,834 WARNING database.database bulk_add_tasks: فشل إدراج صف (رقم المهمة=43042294): 0
2026-07-31 01:22:24,630 WARNING database.database bulk_add_tasks: فشل إدراج صف (رقم المهمة=43042301): 0
2026-07-31 01:22:25,397 WARNING database.database bulk_add_tasks: فشل إدراج صف (رقم المهمة=43042306): 0
2026-07-31 01:22:26,224 WARNING database.database bulk_add_tasks: فشل إدراج صف (رقم المهمة=43042311): 0
2026-07-31 01:22:27,351 WARNING database.database bulk_add_tasks: فشل إدراج صف (رقم المهمة=43042314): 0
2026-07-31 01:22:28,228 WARNING database.database bulk_add_tasks: فشل إدراج صف (رقم المهمة=43042322): 0
2026-07-31 01:22:28,888 WARNING database.database bulk_add_tasks: فشل إدراج صف (رقم المهمة=43003264): 0
2026-07-31 01:22:29,611 WARNING database.database bulk_add_tasks: فشل إدراج صف (رقم المهمة=43020789): 0
2026-07-31 01:22:30,423 WARNING database.database bulk_add_tasks: فشل إدراج صف (رقم المهمة=43033147): 0
2026-07-31 01:22:31,559 WARNING database.database bulk_add_tasks: فشل إدراج صف (رقم المهمة=43002267): 0
2026-07-31 01:22:32,582 WARNING database.database bulk_add_tasks: فشل إدراج صف (رقم المهمة=43024605): 0
2026-07-31 01:22:33,495 WARNING database.database bulk_add_tasks: فشل إدراج صف (رقم المهمة=43057764): 0
2026-07-31 01:22:34,218 WARNING database.database bulk_add_tasks: فشل إدراج صف (رقم المهمة=43063278): 0
2026-07-31 01:22:34,929 WARNING database.database bulk_add_tasks: فشل إدراج صف (رقم المهمة=43062409): 0
2026-07-31 01:22:35,516 WARNING database.database bulk_add_tasks: فشل إدراج صف (رقم المهمة=43063611): 0
2026-07-31 01:22:36,120 WARNING database.database bulk_add_tasks: فشل إدراج صف (رقم المهمة=43060719): 0
2026-07-31 01:22:36,704 WARNING database.database bulk_add_tasks: فشل إدراج صف (رقم المهمة=43063464): 0
2026-07-31 01:22:37,386 WARNING database.database bulk_add_tasks: فشل إدراج صف (رقم المهمة=42826241): 0
2026-07-31 01:22:38,211 WARNING database.database bulk_add_tasks: فشل إدراج صف (رقم المهمة=43043029): 0
2026-07-31 01:22:39,025 WARNING database.database bulk_add_tasks: فشل إدراج صف (رقم المهمة=43043035): 0
2026-07-31 01:22:39,951 WARNING database.database bulk_add_tasks: فشل إدراج صف (رقم المهمة=43045594): 0
2026-07-31 01:22:40,971 WARNING database.database bulk_add_tasks: فشل إدراج صف (رقم المهمة=43041673): 0
2026-07-31 01:22:41,789 WARNING database.database bulk_add_tasks: فشل إدراج صف (رقم المهمة=43041642): 0
2026-07-31 01:22:42,506 WARNING database.database bulk_add_tasks: فشل إدراج صف (رقم المهمة=43041688): 0
2026-07-31 01:22:43,325 WARNING database.database bulk_add_tasks: فشل إدراج صف (رقم المهمة=43041655): 0
2026-07-31 01:22:44,457 WARNING database.database bulk_add_tasks: فشل إدراج صف (رقم المهمة=43041648): 0
2026-07-31 01:22:45,476 WARNING database.database bulk_add_tasks: فشل إدراج صف (رقم المهمة=43041668): 0
2026-07-31 01:22:46,343 WARNING database.database bulk_add_tasks: فشل إدراج صف (رقم المهمة=43041694): 0
2026-07-31 01:22:47,302 WARNING database.database bulk_add_tasks: فشل إدراج صف (رقم المهمة=43041661): 0
